station_id,station_name,provider,lat,lon,hour,pm25
12032,Kumarapark west,airnet,12.988765,77.575642,16,18.824
12032,Kumarapark west,airnet,12.988765,77.575642,16,18.622
12032,Kumarapark west,airnet,12.988765,77.575642,16,18.707
12032,Kumarapark west,airnet,12.988765,77.575642,17,18.804
12032,Kumarapark west,airnet,12.988765,77.575642,17,18.838
12032,Kumarapark west,airnet,12.988765,77.575642,17,19.155
12032,Kumarapark west,airnet,12.988765,77.575642,17,19.562
12032,Kumarapark west,airnet,12.988765,77.575642,18,19.742
12032,Kumarapark west,airnet,12.988765,77.575642,18,21.676
12032,Kumarapark west,airnet,12.988765,77.575642,18,21.293
12032,Kumarapark west,airnet,12.988765,77.575642,18,18.503
12032,Kumarapark west,airnet,12.988765,77.575642,19,17.611
12032,Kumarapark west,airnet,12.988765,77.575642,19,18.438
12032,Kumarapark west,airnet,12.988765,77.575642,19,17.146
12032,Kumarapark west,airnet,12.988765,77.575642,19,17.515
12032,Kumarapark west,airnet,12.988765,77.575642,20,17.228
12032,Kumarapark west,airnet,12.988765,77.575642,20,17.658
12032,Kumarapark west,airnet,12.988765,77.575642,20,17.111
12032,Kumarapark west,airnet,12.988765,77.575642,20,16.009
12032,Kumarapark west,airnet,12.988765,77.575642,21,15.479
12032,Kumarapark west,airnet,12.988765,77.575642,21,15.452
12032,Kumarapark west,airnet,12.988765,77.575642,21,15.328
12032,Kumarapark west,airnet,12.988765,77.575642,21,14.702
12032,Kumarapark west,airnet,12.988765,77.575642,22,14.661
12032,Kumarapark west,airnet,12.988765,77.575642,22,13.847
12032,Kumarapark west,airnet,12.988765,77.575642,22,14.041
12032,Kumarapark west,airnet,12.988765,77.575642,22,14.362
12032,Kumarapark west,airnet,12.988765,77.575642,23,14.028
12032,Kumarapark west,airnet,12.988765,77.575642,23,14.11
12032,Kumarapark west,airnet,12.988765,77.575642,23,13.551
12032,Kumarapark west,airnet,12.988765,77.575642,23,13.591
12032,Kumarapark west,airnet,12.988765,77.575642,0,14.168
12032,Kumarapark west,airnet,12.988765,77.575642,0,14.779
12032,Kumarapark west,airnet,12.988765,77.575642,0,15.436
12032,Kumarapark west,airnet,12.988765,77.575642,0,15.638
12032,Kumarapark west,airnet,12.988765,77.575642,1,15.422
12032,Kumarapark west,airnet,12.988765,77.575642,1,15.383
12032,Kumarapark west,airnet,12.988765,77.575642,1,15.543
12032,Kumarapark west,airnet,12.988765,77.575642,1,15.373
12032,Kumarapark west,airnet,12.988765,77.575642,2,15.117
12032,Kumarapark west,airnet,12.988765,77.575642,2,14.427
12032,Kumarapark west,airnet,12.988765,77.575642,2,13.6
12032,Kumarapark west,airnet,12.988765,77.575642,2,14.077
12032,Kumarapark west,airnet,12.988765,77.575642,3,14.805
12032,Kumarapark west,airnet,12.988765,77.575642,3,15.708
12032,Kumarapark west,airnet,12.988765,77.575642,3,16.61
12032,Kumarapark west,airnet,12.988765,77.575642,3,17.06
12032,Kumarapark west,airnet,12.988765,77.575642,4,17.1
12032,Kumarapark west,airnet,12.988765,77.575642,4,17.658
12032,Kumarapark west,airnet,12.988765,77.575642,4,17.89
12032,Kumarapark west,airnet,12.988765,77.575642,4,17.923
12032,Kumarapark west,airnet,12.988765,77.575642,5,17.956
12032,Kumarapark west,airnet,12.988765,77.575642,5,17.911
12032,Kumarapark west,airnet,12.988765,77.575642,5,19.548
12032,Kumarapark west,airnet,12.988765,77.575642,5,20.002
12032,Kumarapark west,airnet,12.988765,77.575642,6,30.479
12032,Kumarapark west,airnet,12.988765,77.575642,6,26.351
12032,Kumarapark west,airnet,12.988765,77.575642,6,24.031
12032,Kumarapark west,airnet,12.988765,77.575642,6,24.066
12032,Kumarapark west,airnet,12.988765,77.575642,7,22.081
12032,Kumarapark west,airnet,12.988765,77.575642,7,19.693
12032,Kumarapark west,airnet,12.988765,77.575642,7,18.183
12032,Kumarapark west,airnet,12.988765,77.575642,7,19.465
12032,Kumarapark west,airnet,12.988765,77.575642,8,20.408
12032,Kumarapark west,airnet,12.988765,77.575642,8,19.612
12032,Kumarapark west,airnet,12.988765,77.575642,8,19.716
12032,Kumarapark west,airnet,12.988765,77.575642,8,19.182
12032,Kumarapark west,airnet,12.988765,77.575642,9,19.404
12032,Kumarapark west,airnet,12.988765,77.575642,9,19.937
12032,Kumarapark west,airnet,12.988765,77.575642,9,20.71
12032,Kumarapark west,airnet,12.988765,77.575642,9,22.142
12032,Kumarapark west,airnet,12.988765,77.575642,10,20.434
12032,Kumarapark west,airnet,12.988765,77.575642,10,22.474
12032,Kumarapark west,airnet,12.988765,77.575642,10,21.105
12032,Kumarapark west,airnet,12.988765,77.575642,11,21.239
12032,Kumarapark west,airnet,12.988765,77.575642,11,21.002
12032,Kumarapark west,airnet,12.988765,77.575642,11,20.088
12032,Kumarapark west,airnet,12.988765,77.575642,11,20.12
12032,Kumarapark west,airnet,12.988765,77.575642,12,20.811
12032,Kumarapark west,airnet,12.988765,77.575642,12,20.755
12032,Kumarapark west,airnet,12.988765,77.575642,12,21.14
12032,Kumarapark west,airnet,12.988765,77.575642,13,21.861
12032,Kumarapark west,airnet,12.988765,77.575642,13,24.069
12032,Kumarapark west,airnet,12.988765,77.575642,13,21.619
12032,Kumarapark west,airnet,12.988765,77.575642,13,21.866
12032,Kumarapark west,airnet,12.988765,77.575642,14,21.47
12032,Kumarapark west,airnet,12.988765,77.575642,14,21.146
12032,Kumarapark west,airnet,12.988765,77.575642,14,21.341
12032,Kumarapark west,airnet,12.988765,77.575642,14,21.628
12032,Kumarapark west,airnet,12.988765,77.575642,15,21.392
12032,Kumarapark west,airnet,12.988765,77.575642,15,21.822
12032,Kumarapark west,airnet,12.988765,77.575642,15,21.415
12032,Kumarapark west,airnet,12.988765,77.575642,15,21.839
12032,Kumarapark west,airnet,12.988765,77.575642,16,21.504
12032,Kumarapark west,airnet,12.988765,77.575642,16,21.115
12032,Kumarapark west,airnet,12.988765,77.575642,16,21.235
12034,Rachenahalli,airnet,13.064404,77.620423,16,18.272
12034,Rachenahalli,airnet,13.064404,77.620423,16,18.479
12034,Rachenahalli,airnet,13.064404,77.620423,16,18.478
12034,Rachenahalli,airnet,13.064404,77.620423,17,18.366
12034,Rachenahalli,airnet,13.064404,77.620423,17,19.138
12034,Rachenahalli,airnet,13.064404,77.620423,17,19.857
12034,Rachenahalli,airnet,13.064404,77.620423,17,20.66
12034,Rachenahalli,airnet,13.064404,77.620423,18,20.601
12034,Rachenahalli,airnet,13.064404,77.620423,18,21.422
12034,Rachenahalli,airnet,13.064404,77.620423,18,19.976
12034,Rachenahalli,airnet,13.064404,77.620423,18,20.84
12034,Rachenahalli,airnet,13.064404,77.620423,19,34.675
12034,Rachenahalli,airnet,13.064404,77.620423,19,36.45
12034,Rachenahalli,airnet,13.064404,77.620423,19,21.072
12034,Rachenahalli,airnet,13.064404,77.620423,19,17.962
12034,Rachenahalli,airnet,13.064404,77.620423,20,17.006
12034,Rachenahalli,airnet,13.064404,77.620423,20,15.32
12034,Rachenahalli,airnet,13.064404,77.620423,20,16.031
12034,Rachenahalli,airnet,13.064404,77.620423,20,15.751
12034,Rachenahalli,airnet,13.064404,77.620423,21,14.243
12034,Rachenahalli,airnet,13.064404,77.620423,21,15.242
12034,Rachenahalli,airnet,13.064404,77.620423,21,14.169
12034,Rachenahalli,airnet,13.064404,77.620423,21,13.371
12034,Rachenahalli,airnet,13.064404,77.620423,22,13.456
12034,Rachenahalli,airnet,13.064404,77.620423,22,12.313
12034,Rachenahalli,airnet,13.064404,77.620423,22,11.98
12034,Rachenahalli,airnet,13.064404,77.620423,22,11.811
12034,Rachenahalli,airnet,13.064404,77.620423,23,10.743
12034,Rachenahalli,airnet,13.064404,77.620423,23,10.641
12034,Rachenahalli,airnet,13.064404,77.620423,23,10.784
12034,Rachenahalli,airnet,13.064404,77.620423,23,10.954
12034,Rachenahalli,airnet,13.064404,77.620423,0,11.175
12034,Rachenahalli,airnet,13.064404,77.620423,0,11.935
12034,Rachenahalli,airnet,13.064404,77.620423,0,11.152
12034,Rachenahalli,airnet,13.064404,77.620423,0,11.525
12034,Rachenahalli,airnet,13.064404,77.620423,1,12.801
12034,Rachenahalli,airnet,13.064404,77.620423,1,13.47
12034,Rachenahalli,airnet,13.064404,77.620423,1,12.548
12034,Rachenahalli,airnet,13.064404,77.620423,1,11.684
12034,Rachenahalli,airnet,13.064404,77.620423,2,12.854
12034,Rachenahalli,airnet,13.064404,77.620423,2,13.212
12034,Rachenahalli,airnet,13.064404,77.620423,2,13.994
12034,Rachenahalli,airnet,13.064404,77.620423,2,15.343
12034,Rachenahalli,airnet,13.064404,77.620423,3,16.308
12034,Rachenahalli,airnet,13.064404,77.620423,3,15.324
12034,Rachenahalli,airnet,13.064404,77.620423,3,15.031
12034,Rachenahalli,airnet,13.064404,77.620423,3,12.496
12034,Rachenahalli,airnet,13.064404,77.620423,4,12.572
12034,Rachenahalli,airnet,13.064404,77.620423,4,12.987
12034,Rachenahalli,airnet,13.064404,77.620423,4,13.448
12034,Rachenahalli,airnet,13.064404,77.620423,4,14.588
12034,Rachenahalli,airnet,13.064404,77.620423,5,17.532
12034,Rachenahalli,airnet,13.064404,77.620423,5,18.852
12034,Rachenahalli,airnet,13.064404,77.620423,5,20.181
12034,Rachenahalli,airnet,13.064404,77.620423,5,21.947
12034,Rachenahalli,airnet,13.064404,77.620423,6,18.854
12034,Rachenahalli,airnet,13.064404,77.620423,6,17.923
12034,Rachenahalli,airnet,13.064404,77.620423,6,17.757
12034,Rachenahalli,airnet,13.064404,77.620423,6,19.185
12034,Rachenahalli,airnet,13.064404,77.620423,7,18.193
12034,Rachenahalli,airnet,13.064404,77.620423,7,17.759
12034,Rachenahalli,airnet,13.064404,77.620423,7,17.779
12034,Rachenahalli,airnet,13.064404,77.620423,7,16.099
12034,Rachenahalli,airnet,13.064404,77.620423,8,17.614
12034,Rachenahalli,airnet,13.064404,77.620423,8,18.483
12034,Rachenahalli,airnet,13.064404,77.620423,8,18.133
12034,Rachenahalli,airnet,13.064404,77.620423,8,18.751
12034,Rachenahalli,airnet,13.064404,77.620423,9,20.307
12034,Rachenahalli,airnet,13.064404,77.620423,9,17.702
12034,Rachenahalli,airnet,13.064404,77.620423,9,18.444
12034,Rachenahalli,airnet,13.064404,77.620423,9,18.457
12034,Rachenahalli,airnet,13.064404,77.620423,10,19.079
12034,Rachenahalli,airnet,13.064404,77.620423,10,18.517
12034,Rachenahalli,airnet,13.064404,77.620423,10,19.736
12034,Rachenahalli,airnet,13.064404,77.620423,11,19.646
12034,Rachenahalli,airnet,13.064404,77.620423,11,20.124
12034,Rachenahalli,airnet,13.064404,77.620423,11,20.394
12034,Rachenahalli,airnet,13.064404,77.620423,11,21.916
12034,Rachenahalli,airnet,13.064404,77.620423,12,20.951
12034,Rachenahalli,airnet,13.064404,77.620423,12,20.754
12034,Rachenahalli,airnet,13.064404,77.620423,12,21.26
12034,Rachenahalli,airnet,13.064404,77.620423,13,20.831
12034,Rachenahalli,airnet,13.064404,77.620423,13,21.132
12034,Rachenahalli,airnet,13.064404,77.620423,13,20.909
12034,Rachenahalli,airnet,13.064404,77.620423,13,20.729
12034,Rachenahalli,airnet,13.064404,77.620423,14,20.834
12034,Rachenahalli,airnet,13.064404,77.620423,14,21.119
12034,Rachenahalli,airnet,13.064404,77.620423,14,21.238
12034,Rachenahalli,airnet,13.064404,77.620423,14,21.175
12034,Rachenahalli,airnet,13.064404,77.620423,15,21.312
12034,Rachenahalli,airnet,13.064404,77.620423,15,21.068
12034,Rachenahalli,airnet,13.064404,77.620423,15,20.943
12034,Rachenahalli,airnet,13.064404,77.620423,15,21.335
12034,Rachenahalli,airnet,13.064404,77.620423,16,21.276
12034,Rachenahalli,airnet,13.064404,77.620423,16,20.729
12034,Rachenahalli,airnet,13.064404,77.620423,16,21.086
12037,Attur Layout,airnet,13.097435,77.570275,16,18.916
12037,Attur Layout,airnet,13.097435,77.570275,16,19.085
12037,Attur Layout,airnet,13.097435,77.570275,16,19.248
12037,Attur Layout,airnet,13.097435,77.570275,17,19.647
12037,Attur Layout,airnet,13.097435,77.570275,17,19.229
12037,Attur Layout,airnet,13.097435,77.570275,17,19.512
12037,Attur Layout,airnet,13.097435,77.570275,17,19.733
12037,Attur Layout,airnet,13.097435,77.570275,18,19.699
12037,Attur Layout,airnet,13.097435,77.570275,18,20.504
12037,Attur Layout,airnet,13.097435,77.570275,18,20.925
12037,Attur Layout,airnet,13.097435,77.570275,18,18.86
12037,Attur Layout,airnet,13.097435,77.570275,19,17.617
12037,Attur Layout,airnet,13.097435,77.570275,19,18.917
12037,Attur Layout,airnet,13.097435,77.570275,19,18.978
12037,Attur Layout,airnet,13.097435,77.570275,19,18.561
12037,Attur Layout,airnet,13.097435,77.570275,20,18.176
12037,Attur Layout,airnet,13.097435,77.570275,20,19.074
12037,Attur Layout,airnet,13.097435,77.570275,20,19.771
12037,Attur Layout,airnet,13.097435,77.570275,20,19.478
12037,Attur Layout,airnet,13.097435,77.570275,21,18.949
12037,Attur Layout,airnet,13.097435,77.570275,21,16.772
12037,Attur Layout,airnet,13.097435,77.570275,21,16.468
12037,Attur Layout,airnet,13.097435,77.570275,21,16.358
12037,Attur Layout,airnet,13.097435,77.570275,22,16.857
12037,Attur Layout,airnet,13.097435,77.570275,22,16.434
12037,Attur Layout,airnet,13.097435,77.570275,22,14.86
12037,Attur Layout,airnet,13.097435,77.570275,22,14.78
12037,Attur Layout,airnet,13.097435,77.570275,23,14.418
12037,Attur Layout,airnet,13.097435,77.570275,23,13.34
12037,Attur Layout,airnet,13.097435,77.570275,23,12.687
12037,Attur Layout,airnet,13.097435,77.570275,23,12.974
12037,Attur Layout,airnet,13.097435,77.570275,0,13.832
12037,Attur Layout,airnet,13.097435,77.570275,0,14.529
12037,Attur Layout,airnet,13.097435,77.570275,0,15.463
12037,Attur Layout,airnet,13.097435,77.570275,0,15.878
12037,Attur Layout,airnet,13.097435,77.570275,1,16.137
12037,Attur Layout,airnet,13.097435,77.570275,1,15.956
12037,Attur Layout,airnet,13.097435,77.570275,1,16.945
12037,Attur Layout,airnet,13.097435,77.570275,1,18.695
12037,Attur Layout,airnet,13.097435,77.570275,2,20.321
12037,Attur Layout,airnet,13.097435,77.570275,2,20.831
12037,Attur Layout,airnet,13.097435,77.570275,2,21.501
12037,Attur Layout,airnet,13.097435,77.570275,2,21.136
12037,Attur Layout,airnet,13.097435,77.570275,3,21.474
12037,Attur Layout,airnet,13.097435,77.570275,3,21.393
12037,Attur Layout,airnet,13.097435,77.570275,3,23.454
12037,Attur Layout,airnet,13.097435,77.570275,3,24.123
12037,Attur Layout,airnet,13.097435,77.570275,4,23.491
12037,Attur Layout,airnet,13.097435,77.570275,4,22.766
12037,Attur Layout,airnet,13.097435,77.570275,4,22.345
12037,Attur Layout,airnet,13.097435,77.570275,4,21.633
12037,Attur Layout,airnet,13.097435,77.570275,5,21.397
12037,Attur Layout,airnet,13.097435,77.570275,5,21.251
12037,Attur Layout,airnet,13.097435,77.570275,5,21.483
12037,Attur Layout,airnet,13.097435,77.570275,5,20.831
12037,Attur Layout,airnet,13.097435,77.570275,6,22.453
12037,Attur Layout,airnet,13.097435,77.570275,6,23.026
12037,Attur Layout,airnet,13.097435,77.570275,6,23.669
12037,Attur Layout,airnet,13.097435,77.570275,6,27.271
12037,Attur Layout,airnet,13.097435,77.570275,7,30.737
12037,Attur Layout,airnet,13.097435,77.570275,7,36.433
12037,Attur Layout,airnet,13.097435,77.570275,7,39.794
12037,Attur Layout,airnet,13.097435,77.570275,7,34.116
12037,Attur Layout,airnet,13.097435,77.570275,8,29.611
12037,Attur Layout,airnet,13.097435,77.570275,8,27.231
12037,Attur Layout,airnet,13.097435,77.570275,8,25.037
12037,Attur Layout,airnet,13.097435,77.570275,8,25.532
12037,Attur Layout,airnet,13.097435,77.570275,9,24.696
12037,Attur Layout,airnet,13.097435,77.570275,9,22.006
12037,Attur Layout,airnet,13.097435,77.570275,9,20.779
12037,Attur Layout,airnet,13.097435,77.570275,9,21.392
12037,Attur Layout,airnet,13.097435,77.570275,10,20.951
12037,Attur Layout,airnet,13.097435,77.570275,10,20.736
12037,Attur Layout,airnet,13.097435,77.570275,10,21.285
12037,Attur Layout,airnet,13.097435,77.570275,11,21.523
12037,Attur Layout,airnet,13.097435,77.570275,11,21.334
12037,Attur Layout,airnet,13.097435,77.570275,11,21.58
12037,Attur Layout,airnet,13.097435,77.570275,11,21.614
12037,Attur Layout,airnet,13.097435,77.570275,12,22.871
12037,Attur Layout,airnet,13.097435,77.570275,12,22.027
12037,Attur Layout,airnet,13.097435,77.570275,12,22.42
12037,Attur Layout,airnet,13.097435,77.570275,13,22.18
12037,Attur Layout,airnet,13.097435,77.570275,13,21.358
12037,Attur Layout,airnet,13.097435,77.570275,13,20.972
12037,Attur Layout,airnet,13.097435,77.570275,13,21.507
12037,Attur Layout,airnet,13.097435,77.570275,14,21.654
12037,Attur Layout,airnet,13.097435,77.570275,14,21.746
12037,Attur Layout,airnet,13.097435,77.570275,14,21.836
12037,Attur Layout,airnet,13.097435,77.570275,14,21.858
12037,Attur Layout,airnet,13.097435,77.570275,15,22.264
12037,Attur Layout,airnet,13.097435,77.570275,15,21.482
12037,Attur Layout,airnet,13.097435,77.570275,15,21.507
12037,Attur Layout,airnet,13.097435,77.570275,15,21.74
12037,Attur Layout,airnet,13.097435,77.570275,16,21.343
12037,Attur Layout,airnet,13.097435,77.570275,16,21.448
12037,Attur Layout,airnet,13.097435,77.570275,16,21.426
12048,Kadubeesanahalli,airnet,12.936123,77.686326,16,17.041
12048,Kadubeesanahalli,airnet,12.936123,77.686326,16,17.408
12048,Kadubeesanahalli,airnet,12.936123,77.686326,16,17.819
12048,Kadubeesanahalli,airnet,12.936123,77.686326,17,17.923
12048,Kadubeesanahalli,airnet,12.936123,77.686326,17,17.152
12048,Kadubeesanahalli,airnet,12.936123,77.686326,17,16.956
12048,Kadubeesanahalli,airnet,12.936123,77.686326,17,16.502
12048,Kadubeesanahalli,airnet,12.936123,77.686326,18,16.466
12048,Kadubeesanahalli,airnet,12.936123,77.686326,18,16.548
12048,Kadubeesanahalli,airnet,12.936123,77.686326,18,17.986
12048,Kadubeesanahalli,airnet,12.936123,77.686326,18,18.956
12048,Kadubeesanahalli,airnet,12.936123,77.686326,19,17.102
12048,Kadubeesanahalli,airnet,12.936123,77.686326,19,16.623
12048,Kadubeesanahalli,airnet,12.936123,77.686326,19,17.1
12048,Kadubeesanahalli,airnet,12.936123,77.686326,19,17.506
12048,Kadubeesanahalli,airnet,12.936123,77.686326,20,17.157
12048,Kadubeesanahalli,airnet,12.936123,77.686326,20,17.696
12048,Kadubeesanahalli,airnet,12.936123,77.686326,20,29.034
12048,Kadubeesanahalli,airnet,12.936123,77.686326,20,26.914
12048,Kadubeesanahalli,airnet,12.936123,77.686326,21,22.505
12048,Kadubeesanahalli,airnet,12.936123,77.686326,21,21.983
12048,Kadubeesanahalli,airnet,12.936123,77.686326,21,23.252
12048,Kadubeesanahalli,airnet,12.936123,77.686326,21,16.668
12048,Kadubeesanahalli,airnet,12.936123,77.686326,22,15.528
12048,Kadubeesanahalli,airnet,12.936123,77.686326,22,17.988
12048,Kadubeesanahalli,airnet,12.936123,77.686326,22,15.157
12048,Kadubeesanahalli,airnet,12.936123,77.686326,22,14.039
12048,Kadubeesanahalli,airnet,12.936123,77.686326,23,14.003
12048,Kadubeesanahalli,airnet,12.936123,77.686326,23,12.804
12048,Kadubeesanahalli,airnet,12.936123,77.686326,23,14.139
12048,Kadubeesanahalli,airnet,12.936123,77.686326,23,21.227
12048,Kadubeesanahalli,airnet,12.936123,77.686326,0,17.427
12048,Kadubeesanahalli,airnet,12.936123,77.686326,0,17.16
12048,Kadubeesanahalli,airnet,12.936123,77.686326,0,17.0
12048,Kadubeesanahalli,airnet,12.936123,77.686326,0,16.732
12048,Kadubeesanahalli,airnet,12.936123,77.686326,1,15.614
12048,Kadubeesanahalli,airnet,12.936123,77.686326,1,13.693
12048,Kadubeesanahalli,airnet,12.936123,77.686326,1,13.251
12048,Kadubeesanahalli,airnet,12.936123,77.686326,1,13.32
12048,Kadubeesanahalli,airnet,12.936123,77.686326,2,12.81
12048,Kadubeesanahalli,airnet,12.936123,77.686326,2,11.416
12048,Kadubeesanahalli,airnet,12.936123,77.686326,2,10.703
12048,Kadubeesanahalli,airnet,12.936123,77.686326,2,10.674
12048,Kadubeesanahalli,airnet,12.936123,77.686326,3,11.715
12048,Kadubeesanahalli,airnet,12.936123,77.686326,3,12.326
12048,Kadubeesanahalli,airnet,12.936123,77.686326,3,12.786
12048,Kadubeesanahalli,airnet,12.936123,77.686326,3,13.214
12048,Kadubeesanahalli,airnet,12.936123,77.686326,4,13.26
12048,Kadubeesanahalli,airnet,12.936123,77.686326,4,12.801
12048,Kadubeesanahalli,airnet,12.936123,77.686326,4,13.969
12048,Kadubeesanahalli,airnet,12.936123,77.686326,4,14.84
12048,Kadubeesanahalli,airnet,12.936123,77.686326,5,18.308
12048,Kadubeesanahalli,airnet,12.936123,77.686326,5,21.264
12048,Kadubeesanahalli,airnet,12.936123,77.686326,5,31.462
12048,Kadubeesanahalli,airnet,12.936123,77.686326,5,49.501
12048,Kadubeesanahalli,airnet,12.936123,77.686326,6,46.268
12048,Kadubeesanahalli,airnet,12.936123,77.686326,6,26.328
12048,Kadubeesanahalli,airnet,12.936123,77.686326,6,31.098
12048,Kadubeesanahalli,airnet,12.936123,77.686326,6,38.902
12048,Kadubeesanahalli,airnet,12.936123,77.686326,7,31.23
12048,Kadubeesanahalli,airnet,12.936123,77.686326,7,27.553
12048,Kadubeesanahalli,airnet,12.936123,77.686326,7,21.918
12048,Kadubeesanahalli,airnet,12.936123,77.686326,7,19.564
12048,Kadubeesanahalli,airnet,12.936123,77.686326,8,20.268
12048,Kadubeesanahalli,airnet,12.936123,77.686326,8,19.68
12048,Kadubeesanahalli,airnet,12.936123,77.686326,8,21.009
12048,Kadubeesanahalli,airnet,12.936123,77.686326,8,19.953
12048,Kadubeesanahalli,airnet,12.936123,77.686326,9,21.218
12048,Kadubeesanahalli,airnet,12.936123,77.686326,9,22.978
12048,Kadubeesanahalli,airnet,12.936123,77.686326,9,25.654
12048,Kadubeesanahalli,airnet,12.936123,77.686326,9,26.598
12048,Kadubeesanahalli,airnet,12.936123,77.686326,10,23.322
12048,Kadubeesanahalli,airnet,12.936123,77.686326,10,23.12
12048,Kadubeesanahalli,airnet,12.936123,77.686326,10,23.57
12048,Kadubeesanahalli,airnet,12.936123,77.686326,11,23.178
12048,Kadubeesanahalli,airnet,12.936123,77.686326,11,22.218
12048,Kadubeesanahalli,airnet,12.936123,77.686326,11,22.668
12048,Kadubeesanahalli,airnet,12.936123,77.686326,11,22.459
12048,Kadubeesanahalli,airnet,12.936123,77.686326,12,22.602
12048,Kadubeesanahalli,airnet,12.936123,77.686326,12,21.842
12048,Kadubeesanahalli,airnet,12.936123,77.686326,12,21.783
12048,Kadubeesanahalli,airnet,12.936123,77.686326,13,21.614
12048,Kadubeesanahalli,airnet,12.936123,77.686326,13,21.568
12048,Kadubeesanahalli,airnet,12.936123,77.686326,13,20.772
12048,Kadubeesanahalli,airnet,12.936123,77.686326,13,21.049
12048,Kadubeesanahalli,airnet,12.936123,77.686326,14,20.793
12048,Kadubeesanahalli,airnet,12.936123,77.686326,14,20.744
12048,Kadubeesanahalli,airnet,12.936123,77.686326,14,20.635
12048,Kadubeesanahalli,airnet,12.936123,77.686326,14,21.281
12048,Kadubeesanahalli,airnet,12.936123,77.686326,15,21.429
12048,Kadubeesanahalli,airnet,12.936123,77.686326,15,22.164
12048,Kadubeesanahalli,airnet,12.936123,77.686326,15,22.6
12048,Kadubeesanahalli,airnet,12.936123,77.686326,15,22.291
12048,Kadubeesanahalli,airnet,12.936123,77.686326,16,21.565
12048,Kadubeesanahalli,airnet,12.936123,77.686326,16,21.608
12048,Kadubeesanahalli,airnet,12.936123,77.686326,16,21.093
12058,Yeshwantpur Stage 1 ,airnet,13.035533,77.534676,16,19.935
12058,Yeshwantpur Stage 1 ,airnet,13.035533,77.534676,16,18.351
12058,Yeshwantpur Stage 1 ,airnet,13.035533,77.534676,16,18.502
12058,Yeshwantpur Stage 1 ,airnet,13.035533,77.534676,17,18.591
12058,Yeshwantpur Stage 1 ,airnet,13.035533,77.534676,17,18.841
12058,Yeshwantpur Stage 1 ,airnet,13.035533,77.534676,17,18.665
12058,Yeshwantpur Stage 1 ,airnet,13.035533,77.534676,17,19.415
12058,Yeshwantpur Stage 1 ,airnet,13.035533,77.534676,18,19.471
12058,Yeshwantpur Stage 1 ,airnet,13.035533,77.534676,18,19.439
12058,Yeshwantpur Stage 1 ,airnet,13.035533,77.534676,18,19.936
12058,Yeshwantpur Stage 1 ,airnet,13.035533,77.534676,18,19.441
12058,Yeshwantpur Stage 1 ,airnet,13.035533,77.534676,19,16.872
12058,Yeshwantpur Stage 1 ,airnet,13.035533,77.534676,19,16.507
12058,Yeshwantpur Stage 1 ,airnet,13.035533,77.534676,19,16.392
12058,Yeshwantpur Stage 1 ,airnet,13.035533,77.534676,19,16.138
12058,Yeshwantpur Stage 1 ,airnet,13.035533,77.534676,20,15.523
12058,Yeshwantpur Stage 1 ,airnet,13.035533,77.534676,20,15.929
12058,Yeshwantpur Stage 1 ,airnet,13.035533,77.534676,20,16.539
12058,Yeshwantpur Stage 1 ,airnet,13.035533,77.534676,20,17.055
12058,Yeshwantpur Stage 1 ,airnet,13.035533,77.534676,21,16.217
12058,Yeshwantpur Stage 1 ,airnet,13.035533,77.534676,21,14.613
12058,Yeshwantpur Stage 1 ,airnet,13.035533,77.534676,21,14.489
12058,Yeshwantpur Stage 1 ,airnet,13.035533,77.534676,21,14.737
12058,Yeshwantpur Stage 1 ,airnet,13.035533,77.534676,22,15.489
12058,Yeshwantpur Stage 1 ,airnet,13.035533,77.534676,22,14.889
12058,Yeshwantpur Stage 1 ,airnet,13.035533,77.534676,22,13.904
12058,Yeshwantpur Stage 1 ,airnet,13.035533,77.534676,22,13.711
12058,Yeshwantpur Stage 1 ,airnet,13.035533,77.534676,23,13.254
12058,Yeshwantpur Stage 1 ,airnet,13.035533,77.534676,23,12.389
12058,Yeshwantpur Stage 1 ,airnet,13.035533,77.534676,23,11.772
12058,Yeshwantpur Stage 1 ,airnet,13.035533,77.534676,23,11.855
12058,Yeshwantpur Stage 1 ,airnet,13.035533,77.534676,0,11.79
12058,Yeshwantpur Stage 1 ,airnet,13.035533,77.534676,0,12.594
12058,Yeshwantpur Stage 1 ,airnet,13.035533,77.534676,0,13.144
12058,Yeshwantpur Stage 1 ,airnet,13.035533,77.534676,0,13.869
12058,Yeshwantpur Stage 1 ,airnet,13.035533,77.534676,1,14.433
12058,Yeshwantpur Stage 1 ,airnet,13.035533,77.534676,1,18.014
12058,Yeshwantpur Stage 1 ,airnet,13.035533,77.534676,1,16.098
12058,Yeshwantpur Stage 1 ,airnet,13.035533,77.534676,1,16.04
12058,Yeshwantpur Stage 1 ,airnet,13.035533,77.534676,2,17.92
12058,Yeshwantpur Stage 1 ,airnet,13.035533,77.534676,2,16.51
12058,Yeshwantpur Stage 1 ,airnet,13.035533,77.534676,2,17.514
12058,Yeshwantpur Stage 1 ,airnet,13.035533,77.534676,2,18.002
12058,Yeshwantpur Stage 1 ,airnet,13.035533,77.534676,3,18.773
12058,Yeshwantpur Stage 1 ,airnet,13.035533,77.534676,3,19.776
12058,Yeshwantpur Stage 1 ,airnet,13.035533,77.534676,3,17.22
12058,Yeshwantpur Stage 1 ,airnet,13.035533,77.534676,3,17.808
12058,Yeshwantpur Stage 1 ,airnet,13.035533,77.534676,4,17.331
12058,Yeshwantpur Stage 1 ,airnet,13.035533,77.534676,4,16.924
12058,Yeshwantpur Stage 1 ,airnet,13.035533,77.534676,4,19.1
12058,Yeshwantpur Stage 1 ,airnet,13.035533,77.534676,4,18.956
12058,Yeshwantpur Stage 1 ,airnet,13.035533,77.534676,5,17.981
12058,Yeshwantpur Stage 1 ,airnet,13.035533,77.534676,5,17.625
12058,Yeshwantpur Stage 1 ,airnet,13.035533,77.534676,5,17.544
12058,Yeshwantpur Stage 1 ,airnet,13.035533,77.534676,5,20.91
12058,Yeshwantpur Stage 1 ,airnet,13.035533,77.534676,6,26.407
12058,Yeshwantpur Stage 1 ,airnet,13.035533,77.534676,6,24.855
12058,Yeshwantpur Stage 1 ,airnet,13.035533,77.534676,6,25.49
12058,Yeshwantpur Stage 1 ,airnet,13.035533,77.534676,6,28.198
12058,Yeshwantpur Stage 1 ,airnet,13.035533,77.534676,7,23.73
12058,Yeshwantpur Stage 1 ,airnet,13.035533,77.534676,7,21.55
12058,Yeshwantpur Stage 1 ,airnet,13.035533,77.534676,7,22.846
12058,Yeshwantpur Stage 1 ,airnet,13.035533,77.534676,7,21.302
12058,Yeshwantpur Stage 1 ,airnet,13.035533,77.534676,8,22.678
12058,Yeshwantpur Stage 1 ,airnet,13.035533,77.534676,8,23.527
12058,Yeshwantpur Stage 1 ,airnet,13.035533,77.534676,8,22.479
12058,Yeshwantpur Stage 1 ,airnet,13.035533,77.534676,8,20.796
12058,Yeshwantpur Stage 1 ,airnet,13.035533,77.534676,9,18.567
12058,Yeshwantpur Stage 1 ,airnet,13.035533,77.534676,9,18.466
12058,Yeshwantpur Stage 1 ,airnet,13.035533,77.534676,9,17.699
12058,Yeshwantpur Stage 1 ,airnet,13.035533,77.534676,9,18.101
12058,Yeshwantpur Stage 1 ,airnet,13.035533,77.534676,10,18.801
12058,Yeshwantpur Stage 1 ,airnet,13.035533,77.534676,10,18.778
12058,Yeshwantpur Stage 1 ,airnet,13.035533,77.534676,10,18.986
12058,Yeshwantpur Stage 1 ,airnet,13.035533,77.534676,11,19.076
12058,Yeshwantpur Stage 1 ,airnet,13.035533,77.534676,11,21.755
12058,Yeshwantpur Stage 1 ,airnet,13.035533,77.534676,11,22.575
12058,Yeshwantpur Stage 1 ,airnet,13.035533,77.534676,11,20.419
12058,Yeshwantpur Stage 1 ,airnet,13.035533,77.534676,12,20.901
12058,Yeshwantpur Stage 1 ,airnet,13.035533,77.534676,12,21.012
12058,Yeshwantpur Stage 1 ,airnet,13.035533,77.534676,12,20.827
12058,Yeshwantpur Stage 1 ,airnet,13.035533,77.534676,13,21.031
12058,Yeshwantpur Stage 1 ,airnet,13.035533,77.534676,13,20.933
12058,Yeshwantpur Stage 1 ,airnet,13.035533,77.534676,13,20.937
12058,Yeshwantpur Stage 1 ,airnet,13.035533,77.534676,13,20.308
12058,Yeshwantpur Stage 1 ,airnet,13.035533,77.534676,14,20.603
12058,Yeshwantpur Stage 1 ,airnet,13.035533,77.534676,14,20.84
12058,Yeshwantpur Stage 1 ,airnet,13.035533,77.534676,14,21.167
12058,Yeshwantpur Stage 1 ,airnet,13.035533,77.534676,14,21.209
12058,Yeshwantpur Stage 1 ,airnet,13.035533,77.534676,15,21.332
12058,Yeshwantpur Stage 1 ,airnet,13.035533,77.534676,15,21.586
12058,Yeshwantpur Stage 1 ,airnet,13.035533,77.534676,15,22.572
12058,Yeshwantpur Stage 1 ,airnet,13.035533,77.534676,15,21.834
12058,Yeshwantpur Stage 1 ,airnet,13.035533,77.534676,16,20.692
12058,Yeshwantpur Stage 1 ,airnet,13.035533,77.534676,16,21.08
12058,Yeshwantpur Stage 1 ,airnet,13.035533,77.534676,16,21.179
12062,Shakti Layout,airnet,13.005648,77.733608,15,15.231
12062,Shakti Layout,airnet,13.005648,77.733608,16,15.468
12062,Shakti Layout,airnet,13.005648,77.733608,16,15.711
12062,Shakti Layout,airnet,13.005648,77.733608,16,15.046
12062,Shakti Layout,airnet,13.005648,77.733608,16,15.262
12062,Shakti Layout,airnet,13.005648,77.733608,17,15.216
12062,Shakti Layout,airnet,13.005648,77.733608,17,14.468
12062,Shakti Layout,airnet,13.005648,77.733608,17,14.069
12062,Shakti Layout,airnet,13.005648,77.733608,17,13.134
12062,Shakti Layout,airnet,13.005648,77.733608,18,13.118
12062,Shakti Layout,airnet,13.005648,77.733608,18,12.319
12062,Shakti Layout,airnet,13.005648,77.733608,18,11.594
12062,Shakti Layout,airnet,13.005648,77.733608,18,11.172
12062,Shakti Layout,airnet,13.005648,77.733608,19,10.432
12062,Shakti Layout,airnet,13.005648,77.733608,19,10.199
12062,Shakti Layout,airnet,13.005648,77.733608,19,10.213
12062,Shakti Layout,airnet,13.005648,77.733608,19,10.239
12062,Shakti Layout,airnet,13.005648,77.733608,20,9.369
12062,Shakti Layout,airnet,13.005648,77.733608,20,9.207
12062,Shakti Layout,airnet,13.005648,77.733608,20,9.196
12062,Shakti Layout,airnet,13.005648,77.733608,20,8.628
12062,Shakti Layout,airnet,13.005648,77.733608,21,8.268
12062,Shakti Layout,airnet,13.005648,77.733608,21,8.141
12062,Shakti Layout,airnet,13.005648,77.733608,21,8.14
12062,Shakti Layout,airnet,13.005648,77.733608,21,8.047
12062,Shakti Layout,airnet,13.005648,77.733608,22,7.358
12062,Shakti Layout,airnet,13.005648,77.733608,22,7.282
12062,Shakti Layout,airnet,13.005648,77.733608,22,6.231
12062,Shakti Layout,airnet,13.005648,77.733608,22,6.171
12062,Shakti Layout,airnet,13.005648,77.733608,23,5.937
12062,Shakti Layout,airnet,13.005648,77.733608,23,5.379
12062,Shakti Layout,airnet,13.005648,77.733608,23,5.208
12062,Shakti Layout,airnet,13.005648,77.733608,23,5.024
12062,Shakti Layout,airnet,13.005648,77.733608,0,4.83
12062,Shakti Layout,airnet,13.005648,77.733608,0,4.563
12062,Shakti Layout,airnet,13.005648,77.733608,0,4.404
12062,Shakti Layout,airnet,13.005648,77.733608,0,4.334
12062,Shakti Layout,airnet,13.005648,77.733608,1,4.27
12062,Shakti Layout,airnet,13.005648,77.733608,1,4.031
12062,Shakti Layout,airnet,13.005648,77.733608,1,3.699
12062,Shakti Layout,airnet,13.005648,77.733608,1,3.342
12062,Shakti Layout,airnet,13.005648,77.733608,2,3.246
12062,Shakti Layout,airnet,13.005648,77.733608,2,3.452
12062,Shakti Layout,airnet,13.005648,77.733608,2,3.669
12062,Shakti Layout,airnet,13.005648,77.733608,2,3.983
12062,Shakti Layout,airnet,13.005648,77.733608,3,3.719
12062,Shakti Layout,airnet,13.005648,77.733608,3,3.657
12062,Shakti Layout,airnet,13.005648,77.733608,3,3.241
12062,Shakti Layout,airnet,13.005648,77.733608,3,3.147
12062,Shakti Layout,airnet,13.005648,77.733608,4,3.263
12062,Shakti Layout,airnet,13.005648,77.733608,4,3.224
12062,Shakti Layout,airnet,13.005648,77.733608,4,3.178
12062,Shakti Layout,airnet,13.005648,77.733608,4,3.201
12062,Shakti Layout,airnet,13.005648,77.733608,5,3.093
12062,Shakti Layout,airnet,13.005648,77.733608,5,3.281
12062,Shakti Layout,airnet,13.005648,77.733608,5,3.26
12062,Shakti Layout,airnet,13.005648,77.733608,5,3.629
12062,Shakti Layout,airnet,13.005648,77.733608,6,3.679
12062,Shakti Layout,airnet,13.005648,77.733608,6,4.419
12062,Shakti Layout,airnet,13.005648,77.733608,6,4.992
12062,Shakti Layout,airnet,13.005648,77.733608,6,5.296
12062,Shakti Layout,airnet,13.005648,77.733608,7,5.768
12062,Shakti Layout,airnet,13.005648,77.733608,7,6.66
12062,Shakti Layout,airnet,13.005648,77.733608,7,7.35
12062,Shakti Layout,airnet,13.005648,77.733608,8,8.385
12062,Shakti Layout,airnet,13.005648,77.733608,8,9.71
12062,Shakti Layout,airnet,13.005648,77.733608,8,24.916
12062,Shakti Layout,airnet,13.005648,77.733608,8,13.009
12062,Shakti Layout,airnet,13.005648,77.733608,9,16.182
12062,Shakti Layout,airnet,13.005648,77.733608,9,16.36
12062,Shakti Layout,airnet,13.005648,77.733608,9,12.682
12062,Shakti Layout,airnet,13.005648,77.733608,9,11.982
12062,Shakti Layout,airnet,13.005648,77.733608,10,14.024
12062,Shakti Layout,airnet,13.005648,77.733608,10,13.954
12062,Shakti Layout,airnet,13.005648,77.733608,10,14.264
12062,Shakti Layout,airnet,13.005648,77.733608,11,15.35
12062,Shakti Layout,airnet,13.005648,77.733608,11,15.878
12062,Shakti Layout,airnet,13.005648,77.733608,11,15.683
12062,Shakti Layout,airnet,13.005648,77.733608,12,15.947
12062,Shakti Layout,airnet,13.005648,77.733608,12,15.953
12062,Shakti Layout,airnet,13.005648,77.733608,12,15.861
12062,Shakti Layout,airnet,13.005648,77.733608,13,16.644
12062,Shakti Layout,airnet,13.005648,77.733608,13,16.234
12062,Shakti Layout,airnet,13.005648,77.733608,13,16.364
12062,Shakti Layout,airnet,13.005648,77.733608,13,16.396
12062,Shakti Layout,airnet,13.005648,77.733608,14,16.988
12062,Shakti Layout,airnet,13.005648,77.733608,14,16.971
12062,Shakti Layout,airnet,13.005648,77.733608,14,18.273
12062,Shakti Layout,airnet,13.005648,77.733608,14,18.078
12062,Shakti Layout,airnet,13.005648,77.733608,15,17.002
12062,Shakti Layout,airnet,13.005648,77.733608,15,17.296
12062,Shakti Layout,airnet,13.005648,77.733608,15,17.123
12062,Shakti Layout,airnet,13.005648,77.733608,15,16.916
12062,Shakti Layout,airnet,13.005648,77.733608,16,16.384
12062,Shakti Layout,airnet,13.005648,77.733608,16,16.544
12062,Shakti Layout,airnet,13.005648,77.733608,16,16.204
12095,JP nagar 7th phase,airnet,12.889933,77.574451,14,8.372
12095,JP nagar 7th phase,airnet,12.889933,77.574451,14,8.428
12095,JP nagar 7th phase,airnet,12.889933,77.574451,14,8.303
12095,JP nagar 7th phase,airnet,12.889933,77.574451,14,8.561
12095,JP nagar 7th phase,airnet,12.889933,77.574451,15,7.831
12095,JP nagar 7th phase,airnet,12.889933,77.574451,15,8.153
12095,JP nagar 7th phase,airnet,12.889933,77.574451,15,8.899
12095,JP nagar 7th phase,airnet,12.889933,77.574451,15,10.044
12095,JP nagar 7th phase,airnet,12.889933,77.574451,16,9.58
12095,JP nagar 7th phase,airnet,12.889933,77.574451,16,8.656
12095,JP nagar 7th phase,airnet,12.889933,77.574451,16,9.622
12095,JP nagar 7th phase,airnet,12.889933,77.574451,16,8.952
12095,JP nagar 7th phase,airnet,12.889933,77.574451,17,9.076
12095,JP nagar 7th phase,airnet,12.889933,77.574451,17,9.262
12095,JP nagar 7th phase,airnet,12.889933,77.574451,17,9.523
12095,JP nagar 7th phase,airnet,12.889933,77.574451,18,10.236
12095,JP nagar 7th phase,airnet,12.889933,77.574451,18,11.129
12095,JP nagar 7th phase,airnet,12.889933,77.574451,19,11.816
12095,JP nagar 7th phase,airnet,12.889933,77.574451,19,11.953
12095,JP nagar 7th phase,airnet,12.889933,77.574451,19,11.969
12095,JP nagar 7th phase,airnet,12.889933,77.574451,19,12.179
12095,JP nagar 7th phase,airnet,12.889933,77.574451,20,12.545
12095,JP nagar 7th phase,airnet,12.889933,77.574451,20,13.034
12095,JP nagar 7th phase,airnet,12.889933,77.574451,20,13.705
12095,JP nagar 7th phase,airnet,12.889933,77.574451,20,12.979
12095,JP nagar 7th phase,airnet,12.889933,77.574451,21,12.822
12095,JP nagar 7th phase,airnet,12.889933,77.574451,21,12.891
12095,JP nagar 7th phase,airnet,12.889933,77.574451,22,13.207
12095,JP nagar 7th phase,airnet,12.889933,77.574451,22,12.589
12095,JP nagar 7th phase,airnet,12.889933,77.574451,22,12.293
12095,JP nagar 7th phase,airnet,12.889933,77.574451,22,13.004
12095,JP nagar 7th phase,airnet,12.889933,77.574451,23,12.615
12095,JP nagar 7th phase,airnet,12.889933,77.574451,23,11.898
12095,JP nagar 7th phase,airnet,12.889933,77.574451,23,12.178
12095,JP nagar 7th phase,airnet,12.889933,77.574451,23,12.68
12095,JP nagar 7th phase,airnet,12.889933,77.574451,0,13.202
12095,JP nagar 7th phase,airnet,12.889933,77.574451,0,16.091
12095,JP nagar 7th phase,airnet,12.889933,77.574451,0,16.191
12095,JP nagar 7th phase,airnet,12.889933,77.574451,0,14.468
12095,JP nagar 7th phase,airnet,12.889933,77.574451,1,13.873
12095,JP nagar 7th phase,airnet,12.889933,77.574451,1,13.471
12095,JP nagar 7th phase,airnet,12.889933,77.574451,1,13.937
12095,JP nagar 7th phase,airnet,12.889933,77.574451,1,13.229
12095,JP nagar 7th phase,airnet,12.889933,77.574451,2,11.744
12095,JP nagar 7th phase,airnet,12.889933,77.574451,2,11.96
12095,JP nagar 7th phase,airnet,12.889933,77.574451,2,12.309
12095,JP nagar 7th phase,airnet,12.889933,77.574451,2,12.315
12095,JP nagar 7th phase,airnet,12.889933,77.574451,3,12.527
12095,JP nagar 7th phase,airnet,12.889933,77.574451,3,13.935
12095,JP nagar 7th phase,airnet,12.889933,77.574451,3,13.367
12095,JP nagar 7th phase,airnet,12.889933,77.574451,4,14.079
12095,JP nagar 7th phase,airnet,12.889933,77.574451,4,14.935
12095,JP nagar 7th phase,airnet,12.889933,77.574451,4,15.761
12095,JP nagar 7th phase,airnet,12.889933,77.574451,5,17.531
12095,JP nagar 7th phase,airnet,12.889933,77.574451,5,14.753
12095,JP nagar 7th phase,airnet,12.889933,77.574451,5,15.678
12095,JP nagar 7th phase,airnet,12.889933,77.574451,6,13.283
12095,JP nagar 7th phase,airnet,12.889933,77.574451,6,15.555
12095,JP nagar 7th phase,airnet,12.889933,77.574451,6,14.769
12095,JP nagar 7th phase,airnet,12.889933,77.574451,6,12.795
12095,JP nagar 7th phase,airnet,12.889933,77.574451,7,13.466
12095,JP nagar 7th phase,airnet,12.889933,77.574451,7,13.504
12095,JP nagar 7th phase,airnet,12.889933,77.574451,7,13.777
12095,JP nagar 7th phase,airnet,12.889933,77.574451,7,14.387
12095,JP nagar 7th phase,airnet,12.889933,77.574451,8,14.867
12095,JP nagar 7th phase,airnet,12.889933,77.574451,8,21.856
12095,JP nagar 7th phase,airnet,12.889933,77.574451,8,19.292
12095,JP nagar 7th phase,airnet,12.889933,77.574451,8,17.534
12095,JP nagar 7th phase,airnet,12.889933,77.574451,9,18.847
12095,JP nagar 7th phase,airnet,12.889933,77.574451,9,14.629
12095,JP nagar 7th phase,airnet,12.889933,77.574451,9,13.755
12095,JP nagar 7th phase,airnet,12.889933,77.574451,9,13.536
12095,JP nagar 7th phase,airnet,12.889933,77.574451,10,12.721
12095,JP nagar 7th phase,airnet,12.889933,77.574451,10,12.537
12095,JP nagar 7th phase,airnet,12.889933,77.574451,10,12.76
12095,JP nagar 7th phase,airnet,12.889933,77.574451,11,12.233
12095,JP nagar 7th phase,airnet,12.889933,77.574451,11,12.629
12095,JP nagar 7th phase,airnet,12.889933,77.574451,11,13.2
12095,JP nagar 7th phase,airnet,12.889933,77.574451,11,12.875
12095,JP nagar 7th phase,airnet,12.889933,77.574451,12,12.776
12095,JP nagar 7th phase,airnet,12.889933,77.574451,12,13.698
12095,JP nagar 7th phase,airnet,12.889933,77.574451,12,12.18
12095,JP nagar 7th phase,airnet,12.889933,77.574451,13,11.309
12095,JP nagar 7th phase,airnet,12.889933,77.574451,13,12.099
12095,JP nagar 7th phase,airnet,12.889933,77.574451,13,11.135
12095,JP nagar 7th phase,airnet,12.889933,77.574451,13,10.381
12095,JP nagar 7th phase,airnet,12.889933,77.574451,14,10.248
12095,JP nagar 7th phase,airnet,12.889933,77.574451,14,10.347
12095,JP nagar 7th phase,airnet,12.889933,77.574451,14,10.391
12095,JP nagar 7th phase,airnet,12.889933,77.574451,14,9.998
12095,JP nagar 7th phase,airnet,12.889933,77.574451,15,10.597
12095,JP nagar 7th phase,airnet,12.889933,77.574451,15,10.72
12095,JP nagar 7th phase,airnet,12.889933,77.574451,15,10.723
12095,JP nagar 7th phase,airnet,12.889933,77.574451,15,13.889
12095,JP nagar 7th phase,airnet,12.889933,77.574451,16,10.576
12095,JP nagar 7th phase,airnet,12.889933,77.574451,16,11.098
12098,"Sivanchetti Gardens, Ulsoor",airnet,12.984544,77.614447,8,11.256
12098,"Sivanchetti Gardens, Ulsoor",airnet,12.984544,77.614447,9,11.602
12098,"Sivanchetti Gardens, Ulsoor",airnet,12.984544,77.614447,9,13.246
12098,"Sivanchetti Gardens, Ulsoor",airnet,12.984544,77.614447,10,14.565
12098,"Sivanchetti Gardens, Ulsoor",airnet,12.984544,77.614447,10,14.369
12098,"Sivanchetti Gardens, Ulsoor",airnet,12.984544,77.614447,10,14.564
12098,"Sivanchetti Gardens, Ulsoor",airnet,12.984544,77.614447,11,14.69
12098,"Sivanchetti Gardens, Ulsoor",airnet,12.984544,77.614447,11,14.637
12098,"Sivanchetti Gardens, Ulsoor",airnet,12.984544,77.614447,11,15.533
12098,"Sivanchetti Gardens, Ulsoor",airnet,12.984544,77.614447,12,16.0
12098,"Sivanchetti Gardens, Ulsoor",airnet,12.984544,77.614447,12,15.785
12098,"Sivanchetti Gardens, Ulsoor",airnet,12.984544,77.614447,12,15.604
12098,"Sivanchetti Gardens, Ulsoor",airnet,12.984544,77.614447,12,15.355
12098,"Sivanchetti Gardens, Ulsoor",airnet,12.984544,77.614447,13,15.365
12098,"Sivanchetti Gardens, Ulsoor",airnet,12.984544,77.614447,13,15.191
12098,"Sivanchetti Gardens, Ulsoor",airnet,12.984544,77.614447,13,15.119
12098,"Sivanchetti Gardens, Ulsoor",airnet,12.984544,77.614447,14,15.065
12098,"Sivanchetti Gardens, Ulsoor",airnet,12.984544,77.614447,14,15.207
12098,"Sivanchetti Gardens, Ulsoor",airnet,12.984544,77.614447,14,15.193
12098,"Sivanchetti Gardens, Ulsoor",airnet,12.984544,77.614447,14,15.286
12098,"Sivanchetti Gardens, Ulsoor",airnet,12.984544,77.614447,15,15.778
12098,"Sivanchetti Gardens, Ulsoor",airnet,12.984544,77.614447,15,15.608
12098,"Sivanchetti Gardens, Ulsoor",airnet,12.984544,77.614447,16,16.418
12098,"Sivanchetti Gardens, Ulsoor",airnet,12.984544,77.614447,16,17.281
12098,"Sivanchetti Gardens, Ulsoor",airnet,12.984544,77.614447,16,16.938
12098,"Sivanchetti Gardens, Ulsoor",airnet,12.984544,77.614447,17,17.401
12098,"Sivanchetti Gardens, Ulsoor",airnet,12.984544,77.614447,18,17.788
12098,"Sivanchetti Gardens, Ulsoor",airnet,12.984544,77.614447,18,15.507
12098,"Sivanchetti Gardens, Ulsoor",airnet,12.984544,77.614447,19,14.906
12098,"Sivanchetti Gardens, Ulsoor",airnet,12.984544,77.614447,19,15.222
12098,"Sivanchetti Gardens, Ulsoor",airnet,12.984544,77.614447,19,14.924
12098,"Sivanchetti Gardens, Ulsoor",airnet,12.984544,77.614447,20,14.911
12098,"Sivanchetti Gardens, Ulsoor",airnet,12.984544,77.614447,20,16.559
12098,"Sivanchetti Gardens, Ulsoor",airnet,12.984544,77.614447,20,15.548
12098,"Sivanchetti Gardens, Ulsoor",airnet,12.984544,77.614447,20,14.551
12098,"Sivanchetti Gardens, Ulsoor",airnet,12.984544,77.614447,21,14.335
12098,"Sivanchetti Gardens, Ulsoor",airnet,12.984544,77.614447,21,14.209
12098,"Sivanchetti Gardens, Ulsoor",airnet,12.984544,77.614447,21,13.851
12098,"Sivanchetti Gardens, Ulsoor",airnet,12.984544,77.614447,22,13.522
12098,"Sivanchetti Gardens, Ulsoor",airnet,12.984544,77.614447,22,13.824
12098,"Sivanchetti Gardens, Ulsoor",airnet,12.984544,77.614447,22,13.81
12098,"Sivanchetti Gardens, Ulsoor",airnet,12.984544,77.614447,22,12.155
12098,"Sivanchetti Gardens, Ulsoor",airnet,12.984544,77.614447,23,11.928
12098,"Sivanchetti Gardens, Ulsoor",airnet,12.984544,77.614447,23,12.154
12098,"Sivanchetti Gardens, Ulsoor",airnet,12.984544,77.614447,23,12.851
12098,"Sivanchetti Gardens, Ulsoor",airnet,12.984544,77.614447,23,12.035
12098,"Sivanchetti Gardens, Ulsoor",airnet,12.984544,77.614447,0,13.148
12098,"Sivanchetti Gardens, Ulsoor",airnet,12.984544,77.614447,0,14.099
12098,"Sivanchetti Gardens, Ulsoor",airnet,12.984544,77.614447,0,14.913
12098,"Sivanchetti Gardens, Ulsoor",airnet,12.984544,77.614447,0,15.42
12098,"Sivanchetti Gardens, Ulsoor",airnet,12.984544,77.614447,1,14.981
12098,"Sivanchetti Gardens, Ulsoor",airnet,12.984544,77.614447,1,14.397
12098,"Sivanchetti Gardens, Ulsoor",airnet,12.984544,77.614447,2,14.188
12098,"Sivanchetti Gardens, Ulsoor",airnet,12.984544,77.614447,2,13.468
12098,"Sivanchetti Gardens, Ulsoor",airnet,12.984544,77.614447,3,12.719
12098,"Sivanchetti Gardens, Ulsoor",airnet,12.984544,77.614447,3,13.265
12098,"Sivanchetti Gardens, Ulsoor",airnet,12.984544,77.614447,3,14.345
12098,"Sivanchetti Gardens, Ulsoor",airnet,12.984544,77.614447,3,14.673
12098,"Sivanchetti Gardens, Ulsoor",airnet,12.984544,77.614447,4,14.761
12098,"Sivanchetti Gardens, Ulsoor",airnet,12.984544,77.614447,4,15.372
12098,"Sivanchetti Gardens, Ulsoor",airnet,12.984544,77.614447,4,16.161
12098,"Sivanchetti Gardens, Ulsoor",airnet,12.984544,77.614447,5,16.4
12098,"Sivanchetti Gardens, Ulsoor",airnet,12.984544,77.614447,5,17.503
12098,"Sivanchetti Gardens, Ulsoor",airnet,12.984544,77.614447,5,17.814
12098,"Sivanchetti Gardens, Ulsoor",airnet,12.984544,77.614447,5,18.238
12098,"Sivanchetti Gardens, Ulsoor",airnet,12.984544,77.614447,6,19.013
12098,"Sivanchetti Gardens, Ulsoor",airnet,12.984544,77.614447,6,19.05
12098,"Sivanchetti Gardens, Ulsoor",airnet,12.984544,77.614447,6,19.584
12098,"Sivanchetti Gardens, Ulsoor",airnet,12.984544,77.614447,6,20.795
12098,"Sivanchetti Gardens, Ulsoor",airnet,12.984544,77.614447,7,20.729
12098,"Sivanchetti Gardens, Ulsoor",airnet,12.984544,77.614447,7,18.328
12098,"Sivanchetti Gardens, Ulsoor",airnet,12.984544,77.614447,7,18.472
12098,"Sivanchetti Gardens, Ulsoor",airnet,12.984544,77.614447,8,20.064
12098,"Sivanchetti Gardens, Ulsoor",airnet,12.984544,77.614447,8,21.53
12098,"Sivanchetti Gardens, Ulsoor",airnet,12.984544,77.614447,8,19.944
12098,"Sivanchetti Gardens, Ulsoor",airnet,12.984544,77.614447,9,21.473
12098,"Sivanchetti Gardens, Ulsoor",airnet,12.984544,77.614447,9,21.48
12098,"Sivanchetti Gardens, Ulsoor",airnet,12.984544,77.614447,10,20.732
12098,"Sivanchetti Gardens, Ulsoor",airnet,12.984544,77.614447,11,20.291
12098,"Sivanchetti Gardens, Ulsoor",airnet,12.984544,77.614447,11,19.521
12098,"Sivanchetti Gardens, Ulsoor",airnet,12.984544,77.614447,11,19.311
12098,"Sivanchetti Gardens, Ulsoor",airnet,12.984544,77.614447,11,20.058
12098,"Sivanchetti Gardens, Ulsoor",airnet,12.984544,77.614447,12,19.574
12098,"Sivanchetti Gardens, Ulsoor",airnet,12.984544,77.614447,12,19.809
12098,"Sivanchetti Gardens, Ulsoor",airnet,12.984544,77.614447,13,19.137
12098,"Sivanchetti Gardens, Ulsoor",airnet,12.984544,77.614447,13,19.24
12098,"Sivanchetti Gardens, Ulsoor",airnet,12.984544,77.614447,13,19.668
12098,"Sivanchetti Gardens, Ulsoor",airnet,12.984544,77.614447,13,19.147
12098,"Sivanchetti Gardens, Ulsoor",airnet,12.984544,77.614447,14,19.927
12098,"Sivanchetti Gardens, Ulsoor",airnet,12.984544,77.614447,15,19.338
12098,"Sivanchetti Gardens, Ulsoor",airnet,12.984544,77.614447,15,19.254
12098,"Sivanchetti Gardens, Ulsoor",airnet,12.984544,77.614447,15,21.978
12098,"Sivanchetti Gardens, Ulsoor",airnet,12.984544,77.614447,15,21.609
12098,"Sivanchetti Gardens, Ulsoor",airnet,12.984544,77.614447,16,19.901
12098,"Sivanchetti Gardens, Ulsoor",airnet,12.984544,77.614447,16,20.415
12098,"Sivanchetti Gardens, Ulsoor",airnet,12.984544,77.614447,16,22.532
12106,Good Earth Malhar,airnet,12.88073,77.464144,22,9.573
12106,Good Earth Malhar,airnet,12.88073,77.464144,22,9.806
12106,Good Earth Malhar,airnet,12.88073,77.464144,0,9.673
12106,Good Earth Malhar,airnet,12.88073,77.464144,0,9.596
12106,Good Earth Malhar,airnet,12.88073,77.464144,0,10.69
12106,Good Earth Malhar,airnet,12.88073,77.464144,1,12.061
12106,Good Earth Malhar,airnet,12.88073,77.464144,1,10.605
12106,Good Earth Malhar,airnet,12.88073,77.464144,1,9.564
12106,Good Earth Malhar,airnet,12.88073,77.464144,2,8.632
12106,Good Earth Malhar,airnet,12.88073,77.464144,2,8.303
12106,Good Earth Malhar,airnet,12.88073,77.464144,2,8.018
12106,Good Earth Malhar,airnet,12.88073,77.464144,3,7.889
12106,Good Earth Malhar,airnet,12.88073,77.464144,3,9.92
12106,Good Earth Malhar,airnet,12.88073,77.464144,3,10.347
12106,Good Earth Malhar,airnet,12.88073,77.464144,4,9.095
12106,Good Earth Malhar,airnet,12.88073,77.464144,4,7.542
12106,Good Earth Malhar,airnet,12.88073,77.464144,4,7.551
12106,Good Earth Malhar,airnet,12.88073,77.464144,5,7.53
12106,Good Earth Malhar,airnet,12.88073,77.464144,5,7.67
12106,Good Earth Malhar,airnet,12.88073,77.464144,5,8.114
12106,Good Earth Malhar,airnet,12.88073,77.464144,5,7.6
12106,Good Earth Malhar,airnet,12.88073,77.464144,6,6.433
12106,Good Earth Malhar,airnet,12.88073,77.464144,7,8.27
12106,Good Earth Malhar,airnet,12.88073,77.464144,8,9.848
12106,Good Earth Malhar,airnet,12.88073,77.464144,8,11.903
12106,Good Earth Malhar,airnet,12.88073,77.464144,9,11.964
12106,Good Earth Malhar,airnet,12.88073,77.464144,9,12.585
12106,Good Earth Malhar,airnet,12.88073,77.464144,9,13.206
12106,Good Earth Malhar,airnet,12.88073,77.464144,9,14.073
12106,Good Earth Malhar,airnet,12.88073,77.464144,10,15.373
12106,Good Earth Malhar,airnet,12.88073,77.464144,10,16.172
12106,Good Earth Malhar,airnet,12.88073,77.464144,12,18.214
12106,Good Earth Malhar,airnet,12.88073,77.464144,12,18.438
12106,Good Earth Malhar,airnet,12.88073,77.464144,12,18.478
12106,Good Earth Malhar,airnet,12.88073,77.464144,14,18.478
12106,Good Earth Malhar,airnet,12.88073,77.464144,14,18.568
12106,Good Earth Malhar,airnet,12.88073,77.464144,14,18.464
12106,Good Earth Malhar,airnet,12.88073,77.464144,15,18.452
12106,Good Earth Malhar,airnet,12.88073,77.464144,15,17.267
12106,Good Earth Malhar,airnet,12.88073,77.464144,16,18.248
12106,Good Earth Malhar,airnet,12.88073,77.464144,16,17.845
12106,Good Earth Malhar,airnet,12.88073,77.464144,17,18.417
12106,Good Earth Malhar,airnet,12.88073,77.464144,17,18.542
12106,Good Earth Malhar,airnet,12.88073,77.464144,18,20.151
12106,Good Earth Malhar,airnet,12.88073,77.464144,18,18.72
12106,Good Earth Malhar,airnet,12.88073,77.464144,19,17.707
12106,Good Earth Malhar,airnet,12.88073,77.464144,20,16.653
12106,Good Earth Malhar,airnet,12.88073,77.464144,21,16.4
12106,Good Earth Malhar,airnet,12.88073,77.464144,21,16.266
12106,Good Earth Malhar,airnet,12.88073,77.464144,22,14.259
12106,Good Earth Malhar,airnet,12.88073,77.464144,22,13.65
12106,Good Earth Malhar,airnet,12.88073,77.464144,22,13.241
12106,Good Earth Malhar,airnet,12.88073,77.464144,23,14.203
12106,Good Earth Malhar,airnet,12.88073,77.464144,23,14.973
12106,Good Earth Malhar,airnet,12.88073,77.464144,23,14.301
12106,Good Earth Malhar,airnet,12.88073,77.464144,0,14.833
12106,Good Earth Malhar,airnet,12.88073,77.464144,0,14.615
12106,Good Earth Malhar,airnet,12.88073,77.464144,0,14.88
12106,Good Earth Malhar,airnet,12.88073,77.464144,0,14.344
12106,Good Earth Malhar,airnet,12.88073,77.464144,1,12.541
12106,Good Earth Malhar,airnet,12.88073,77.464144,2,11.912
12106,Good Earth Malhar,airnet,12.88073,77.464144,2,12.097
12106,Good Earth Malhar,airnet,12.88073,77.464144,2,12.332
12106,Good Earth Malhar,airnet,12.88073,77.464144,3,11.903
12106,Good Earth Malhar,airnet,12.88073,77.464144,3,10.84
12106,Good Earth Malhar,airnet,12.88073,77.464144,3,10.304
12106,Good Earth Malhar,airnet,12.88073,77.464144,3,10.175
12106,Good Earth Malhar,airnet,12.88073,77.464144,4,11.714
12106,Good Earth Malhar,airnet,12.88073,77.464144,4,26.026
12106,Good Earth Malhar,airnet,12.88073,77.464144,6,17.121
12106,Good Earth Malhar,airnet,12.88073,77.464144,6,19.086
12106,Good Earth Malhar,airnet,12.88073,77.464144,6,20.854
12106,Good Earth Malhar,airnet,12.88073,77.464144,6,21.218
12106,Good Earth Malhar,airnet,12.88073,77.464144,8,14.873
12106,Good Earth Malhar,airnet,12.88073,77.464144,9,15.157
12106,Good Earth Malhar,airnet,12.88073,77.464144,10,16.613
12106,Good Earth Malhar,airnet,12.88073,77.464144,11,17.338
12106,Good Earth Malhar,airnet,12.88073,77.464144,11,18.302
12106,Good Earth Malhar,airnet,12.88073,77.464144,11,17.87
12106,Good Earth Malhar,airnet,12.88073,77.464144,11,18.628
12106,Good Earth Malhar,airnet,12.88073,77.464144,12,18.944
12106,Good Earth Malhar,airnet,12.88073,77.464144,12,19.113
12106,Good Earth Malhar,airnet,12.88073,77.464144,12,19.527
12106,Good Earth Malhar,airnet,12.88073,77.464144,13,19.877
12106,Good Earth Malhar,airnet,12.88073,77.464144,13,20.375
12106,Good Earth Malhar,airnet,12.88073,77.464144,13,20.18
12106,Good Earth Malhar,airnet,12.88073,77.464144,13,20.772
12106,Good Earth Malhar,airnet,12.88073,77.464144,14,20.44
12106,Good Earth Malhar,airnet,12.88073,77.464144,14,20.34
12106,Good Earth Malhar,airnet,12.88073,77.464144,14,20.695
12106,Good Earth Malhar,airnet,12.88073,77.464144,15,21.464
12106,Good Earth Malhar,airnet,12.88073,77.464144,15,21.007
12106,Good Earth Malhar,airnet,12.88073,77.464144,15,21.195
12106,Good Earth Malhar,airnet,12.88073,77.464144,16,21.283
12106,Good Earth Malhar,airnet,12.88073,77.464144,16,21.525
12106,Good Earth Malhar,airnet,12.88073,77.464144,16,21.842
12116,"Dhanvantari road, Majestic",airnet,12.978856,77.573434,16,14.14
12116,"Dhanvantari road, Majestic",airnet,12.978856,77.573434,16,14.218
12116,"Dhanvantari road, Majestic",airnet,12.978856,77.573434,17,15.05
12116,"Dhanvantari road, Majestic",airnet,12.978856,77.573434,17,17.235
12116,"Dhanvantari road, Majestic",airnet,12.978856,77.573434,18,18.413
12116,"Dhanvantari road, Majestic",airnet,12.978856,77.573434,18,13.396
12116,"Dhanvantari road, Majestic",airnet,12.978856,77.573434,19,12.182
12116,"Dhanvantari road, Majestic",airnet,12.978856,77.573434,20,17.983
12116,"Dhanvantari road, Majestic",airnet,12.978856,77.573434,21,17.07
12116,"Dhanvantari road, Majestic",airnet,12.978856,77.573434,21,12.234
12116,"Dhanvantari road, Majestic",airnet,12.978856,77.573434,22,15.007
12116,"Dhanvantari road, Majestic",airnet,12.978856,77.573434,22,14.909
12116,"Dhanvantari road, Majestic",airnet,12.978856,77.573434,23,15.499
12116,"Dhanvantari road, Majestic",airnet,12.978856,77.573434,0,18.085
12116,"Dhanvantari road, Majestic",airnet,12.978856,77.573434,0,19.54
12116,"Dhanvantari road, Majestic",airnet,12.978856,77.573434,1,14.843
12116,"Dhanvantari road, Majestic",airnet,12.978856,77.573434,1,14.633
12116,"Dhanvantari road, Majestic",airnet,12.978856,77.573434,2,13.951
12116,"Dhanvantari road, Majestic",airnet,12.978856,77.573434,2,15.513
12116,"Dhanvantari road, Majestic",airnet,12.978856,77.573434,2,11.369
12116,"Dhanvantari road, Majestic",airnet,12.978856,77.573434,3,8.339
12116,"Dhanvantari road, Majestic",airnet,12.978856,77.573434,4,6.986
12116,"Dhanvantari road, Majestic",airnet,12.978856,77.573434,5,8.684
12116,"Dhanvantari road, Majestic",airnet,12.978856,77.573434,5,8.233
12116,"Dhanvantari road, Majestic",airnet,12.978856,77.573434,5,9.713
12116,"Dhanvantari road, Majestic",airnet,12.978856,77.573434,5,11.097
12116,"Dhanvantari road, Majestic",airnet,12.978856,77.573434,6,13.565
12116,"Dhanvantari road, Majestic",airnet,12.978856,77.573434,6,22.42
12116,"Dhanvantari road, Majestic",airnet,12.978856,77.573434,7,16.146
12116,"Dhanvantari road, Majestic",airnet,12.978856,77.573434,7,14.609
12116,"Dhanvantari road, Majestic",airnet,12.978856,77.573434,8,13.901
12116,"Dhanvantari road, Majestic",airnet,12.978856,77.573434,9,15.151
12116,"Dhanvantari road, Majestic",airnet,12.978856,77.573434,9,15.105
12116,"Dhanvantari road, Majestic",airnet,12.978856,77.573434,9,16.898
12116,"Dhanvantari road, Majestic",airnet,12.978856,77.573434,10,19.267
12116,"Dhanvantari road, Majestic",airnet,12.978856,77.573434,10,19.586
12116,"Dhanvantari road, Majestic",airnet,12.978856,77.573434,10,19.221
12116,"Dhanvantari road, Majestic",airnet,12.978856,77.573434,11,19.937
12116,"Dhanvantari road, Majestic",airnet,12.978856,77.573434,11,19.672
12116,"Dhanvantari road, Majestic",airnet,12.978856,77.573434,11,19.163
12116,"Dhanvantari road, Majestic",airnet,12.978856,77.573434,12,19.596
12116,"Dhanvantari road, Majestic",airnet,12.978856,77.573434,12,20.284
12116,"Dhanvantari road, Majestic",airnet,12.978856,77.573434,12,19.912
12116,"Dhanvantari road, Majestic",airnet,12.978856,77.573434,13,19.182
12116,"Dhanvantari road, Majestic",airnet,12.978856,77.573434,14,19.274
12116,"Dhanvantari road, Majestic",airnet,12.978856,77.573434,15,18.381
12116,"Dhanvantari road, Majestic",airnet,12.978856,77.573434,15,18.626
12116,"Dhanvantari road, Majestic",airnet,12.978856,77.573434,15,19.03
12116,"Dhanvantari road, Majestic",airnet,12.978856,77.573434,16,19.073
12116,"Dhanvantari road, Majestic",airnet,12.978856,77.573434,16,20.589
12116,"Dhanvantari road, Majestic",airnet,12.978856,77.573434,17,20.251
12116,"Dhanvantari road, Majestic",airnet,12.978856,77.573434,18,22.811
12116,"Dhanvantari road, Majestic",airnet,12.978856,77.573434,19,19.489
12116,"Dhanvantari road, Majestic",airnet,12.978856,77.573434,19,19.391
12116,"Dhanvantari road, Majestic",airnet,12.978856,77.573434,20,21.404
12116,"Dhanvantari road, Majestic",airnet,12.978856,77.573434,21,19.294
12116,"Dhanvantari road, Majestic",airnet,12.978856,77.573434,22,20.349
12116,"Dhanvantari road, Majestic",airnet,12.978856,77.573434,22,20.574
12116,"Dhanvantari road, Majestic",airnet,12.978856,77.573434,22,18.436
12116,"Dhanvantari road, Majestic",airnet,12.978856,77.573434,23,18.873
12116,"Dhanvantari road, Majestic",airnet,12.978856,77.573434,23,19.792
12116,"Dhanvantari road, Majestic",airnet,12.978856,77.573434,23,21.92
12116,"Dhanvantari road, Majestic",airnet,12.978856,77.573434,0,21.639
12116,"Dhanvantari road, Majestic",airnet,12.978856,77.573434,1,23.194
12116,"Dhanvantari road, Majestic",airnet,12.978856,77.573434,1,22.03
12116,"Dhanvantari road, Majestic",airnet,12.978856,77.573434,1,21.753
12116,"Dhanvantari road, Majestic",airnet,12.978856,77.573434,2,21.439
12116,"Dhanvantari road, Majestic",airnet,12.978856,77.573434,2,20.181
12116,"Dhanvantari road, Majestic",airnet,12.978856,77.573434,2,19.497
12116,"Dhanvantari road, Majestic",airnet,12.978856,77.573434,3,22.102
12116,"Dhanvantari road, Majestic",airnet,12.978856,77.573434,3,26.497
12116,"Dhanvantari road, Majestic",airnet,12.978856,77.573434,4,24.974
12116,"Dhanvantari road, Majestic",airnet,12.978856,77.573434,4,26.059
12116,"Dhanvantari road, Majestic",airnet,12.978856,77.573434,4,26.555
12116,"Dhanvantari road, Majestic",airnet,12.978856,77.573434,5,29.32
12116,"Dhanvantari road, Majestic",airnet,12.978856,77.573434,6,29.549
12116,"Dhanvantari road, Majestic",airnet,12.978856,77.573434,6,34.336
12116,"Dhanvantari road, Majestic",airnet,12.978856,77.573434,8,27.63
12116,"Dhanvantari road, Majestic",airnet,12.978856,77.573434,8,26.695
12116,"Dhanvantari road, Majestic",airnet,12.978856,77.573434,8,27.366
12116,"Dhanvantari road, Majestic",airnet,12.978856,77.573434,9,32.904
12116,"Dhanvantari road, Majestic",airnet,12.978856,77.573434,9,25.521
12116,"Dhanvantari road, Majestic",airnet,12.978856,77.573434,10,29.066
12116,"Dhanvantari road, Majestic",airnet,12.978856,77.573434,10,31.636
12116,"Dhanvantari road, Majestic",airnet,12.978856,77.573434,10,25.947
12116,"Dhanvantari road, Majestic",airnet,12.978856,77.573434,11,26.444
12116,"Dhanvantari road, Majestic",airnet,12.978856,77.573434,12,24.379
12116,"Dhanvantari road, Majestic",airnet,12.978856,77.573434,12,23.785
12116,"Dhanvantari road, Majestic",airnet,12.978856,77.573434,13,23.799
12116,"Dhanvantari road, Majestic",airnet,12.978856,77.573434,13,24.192
12116,"Dhanvantari road, Majestic",airnet,12.978856,77.573434,14,23.161
12116,"Dhanvantari road, Majestic",airnet,12.978856,77.573434,14,22.854
12116,"Dhanvantari road, Majestic",airnet,12.978856,77.573434,15,23.437
12116,"Dhanvantari road, Majestic",airnet,12.978856,77.573434,15,23.355
12116,"Dhanvantari road, Majestic",airnet,12.978856,77.573434,16,23.173
12116,"Dhanvantari road, Majestic",airnet,12.978856,77.573434,16,22.859
12200,"Phase 2, Whitefield",airnet,12.96248,77.741748,14,13.856
12200,"Phase 2, Whitefield",airnet,12.96248,77.741748,15,13.076
12200,"Phase 2, Whitefield",airnet,12.96248,77.741748,15,13.38
12200,"Phase 2, Whitefield",airnet,12.96248,77.741748,15,14.279
12200,"Phase 2, Whitefield",airnet,12.96248,77.741748,16,14.924
12200,"Phase 2, Whitefield",airnet,12.96248,77.741748,16,15.48
12200,"Phase 2, Whitefield",airnet,12.96248,77.741748,17,11.798
12200,"Phase 2, Whitefield",airnet,12.96248,77.741748,17,10.038
12200,"Phase 2, Whitefield",airnet,12.96248,77.741748,17,10.935
12200,"Phase 2, Whitefield",airnet,12.96248,77.741748,18,9.577
12200,"Phase 2, Whitefield",airnet,12.96248,77.741748,19,11.412
12200,"Phase 2, Whitefield",airnet,12.96248,77.741748,20,12.555
12200,"Phase 2, Whitefield",airnet,12.96248,77.741748,20,9.788
12200,"Phase 2, Whitefield",airnet,12.96248,77.741748,21,10.398
12200,"Phase 2, Whitefield",airnet,12.96248,77.741748,21,9.803
12200,"Phase 2, Whitefield",airnet,12.96248,77.741748,22,11.566
12200,"Phase 2, Whitefield",airnet,12.96248,77.741748,22,10.724
12200,"Phase 2, Whitefield",airnet,12.96248,77.741748,23,12.461
12200,"Phase 2, Whitefield",airnet,12.96248,77.741748,23,13.385
12200,"Phase 2, Whitefield",airnet,12.96248,77.741748,0,12.892
12200,"Phase 2, Whitefield",airnet,12.96248,77.741748,0,12.496
12200,"Phase 2, Whitefield",airnet,12.96248,77.741748,0,13.01
12200,"Phase 2, Whitefield",airnet,12.96248,77.741748,1,10.369
12200,"Phase 2, Whitefield",airnet,12.96248,77.741748,2,10.569
12200,"Phase 2, Whitefield",airnet,12.96248,77.741748,3,5.453
12200,"Phase 2, Whitefield",airnet,12.96248,77.741748,3,4.838
12200,"Phase 2, Whitefield",airnet,12.96248,77.741748,4,5.231
12200,"Phase 2, Whitefield",airnet,12.96248,77.741748,5,10.325
12200,"Phase 2, Whitefield",airnet,12.96248,77.741748,5,13.21
12200,"Phase 2, Whitefield",airnet,12.96248,77.741748,5,14.816
12200,"Phase 2, Whitefield",airnet,12.96248,77.741748,8,15.682
12200,"Phase 2, Whitefield",airnet,12.96248,77.741748,9,14.759
12200,"Phase 2, Whitefield",airnet,12.96248,77.741748,9,14.079
12200,"Phase 2, Whitefield",airnet,12.96248,77.741748,9,14.315
12200,"Phase 2, Whitefield",airnet,12.96248,77.741748,10,15.335
12200,"Phase 2, Whitefield",airnet,12.96248,77.741748,10,16.02
12200,"Phase 2, Whitefield",airnet,12.96248,77.741748,11,18.18
12200,"Phase 2, Whitefield",airnet,12.96248,77.741748,12,17.44
12200,"Phase 2, Whitefield",airnet,12.96248,77.741748,12,17.128
12200,"Phase 2, Whitefield",airnet,12.96248,77.741748,13,17.394
12200,"Phase 2, Whitefield",airnet,12.96248,77.741748,13,17.706
12200,"Phase 2, Whitefield",airnet,12.96248,77.741748,13,17.958
12200,"Phase 2, Whitefield",airnet,12.96248,77.741748,14,17.117
12200,"Phase 2, Whitefield",airnet,12.96248,77.741748,15,18.39
12200,"Phase 2, Whitefield",airnet,12.96248,77.741748,15,18.285
12200,"Phase 2, Whitefield",airnet,12.96248,77.741748,15,17.516
12200,"Phase 2, Whitefield",airnet,12.96248,77.741748,15,17.441
12200,"Phase 2, Whitefield",airnet,12.96248,77.741748,16,17.961
12200,"Phase 2, Whitefield",airnet,12.96248,77.741748,16,19.066
12200,"Phase 2, Whitefield",airnet,12.96248,77.741748,17,22.953
12200,"Phase 2, Whitefield",airnet,12.96248,77.741748,17,17.916
12200,"Phase 2, Whitefield",airnet,12.96248,77.741748,17,17.185
12200,"Phase 2, Whitefield",airnet,12.96248,77.741748,18,19.954
12200,"Phase 2, Whitefield",airnet,12.96248,77.741748,19,19.04
12200,"Phase 2, Whitefield",airnet,12.96248,77.741748,19,19.417
12200,"Phase 2, Whitefield",airnet,12.96248,77.741748,20,26.454
12200,"Phase 2, Whitefield",airnet,12.96248,77.741748,20,20.092
12200,"Phase 2, Whitefield",airnet,12.96248,77.741748,20,19.724
12200,"Phase 2, Whitefield",airnet,12.96248,77.741748,21,18.683
12200,"Phase 2, Whitefield",airnet,12.96248,77.741748,21,19.118
12200,"Phase 2, Whitefield",airnet,12.96248,77.741748,22,14.696
12200,"Phase 2, Whitefield",airnet,12.96248,77.741748,22,14.07
12200,"Phase 2, Whitefield",airnet,12.96248,77.741748,23,24.712
12200,"Phase 2, Whitefield",airnet,12.96248,77.741748,1,19.21
12200,"Phase 2, Whitefield",airnet,12.96248,77.741748,1,19.136
12200,"Phase 2, Whitefield",airnet,12.96248,77.741748,2,16.544
12200,"Phase 2, Whitefield",airnet,12.96248,77.741748,3,15.624
12200,"Phase 2, Whitefield",airnet,12.96248,77.741748,4,15.061
12200,"Phase 2, Whitefield",airnet,12.96248,77.741748,4,15.972
12200,"Phase 2, Whitefield",airnet,12.96248,77.741748,5,19.939
12200,"Phase 2, Whitefield",airnet,12.96248,77.741748,5,20.048
12200,"Phase 2, Whitefield",airnet,12.96248,77.741748,6,90.07
12200,"Phase 2, Whitefield",airnet,12.96248,77.741748,6,30.268
12200,"Phase 2, Whitefield",airnet,12.96248,77.741748,6,30.884
12200,"Phase 2, Whitefield",airnet,12.96248,77.741748,7,33.919
12200,"Phase 2, Whitefield",airnet,12.96248,77.741748,7,31.276
12200,"Phase 2, Whitefield",airnet,12.96248,77.741748,8,30.41
12200,"Phase 2, Whitefield",airnet,12.96248,77.741748,8,29.973
12200,"Phase 2, Whitefield",airnet,12.96248,77.741748,8,26.491
12200,"Phase 2, Whitefield",airnet,12.96248,77.741748,9,27.974
12200,"Phase 2, Whitefield",airnet,12.96248,77.741748,9,29.865
12200,"Phase 2, Whitefield",airnet,12.96248,77.741748,10,31.222
12200,"Phase 2, Whitefield",airnet,12.96248,77.741748,10,29.72
12200,"Phase 2, Whitefield",airnet,12.96248,77.741748,11,28.969
12200,"Phase 2, Whitefield",airnet,12.96248,77.741748,11,29.134
12200,"Phase 2, Whitefield",airnet,12.96248,77.741748,11,29.297
12200,"Phase 2, Whitefield",airnet,12.96248,77.741748,11,27.843
12200,"Phase 2, Whitefield",airnet,12.96248,77.741748,12,25.351
12200,"Phase 2, Whitefield",airnet,12.96248,77.741748,12,24.637
12200,"Phase 2, Whitefield",airnet,12.96248,77.741748,14,23.732
12200,"Phase 2, Whitefield",airnet,12.96248,77.741748,14,23.37
12200,"Phase 2, Whitefield",airnet,12.96248,77.741748,15,22.962
12200,"Phase 2, Whitefield",airnet,12.96248,77.741748,15,23.194
12200,"Phase 2, Whitefield",airnet,12.96248,77.741748,15,23.172
12200,"Phase 2, Whitefield",airnet,12.96248,77.741748,15,22.85
12200,"Phase 2, Whitefield",airnet,12.96248,77.741748,16,24.881
2141,"AECS C Block, Begur",airnet,12.873089,77.634085,8,35.759
2141,"AECS C Block, Begur",airnet,12.873089,77.634085,9,36.885
2141,"AECS C Block, Begur",airnet,12.873089,77.634085,9,34.352
2141,"AECS C Block, Begur",airnet,12.873089,77.634085,10,33.613
2141,"AECS C Block, Begur",airnet,12.873089,77.634085,11,36.209
2141,"AECS C Block, Begur",airnet,12.873089,77.634085,12,37.579
2141,"AECS C Block, Begur",airnet,12.873089,77.634085,12,36.687
2141,"AECS C Block, Begur",airnet,12.873089,77.634085,13,37.034
2141,"AECS C Block, Begur",airnet,12.873089,77.634085,13,35.803
2141,"AECS C Block, Begur",airnet,12.873089,77.634085,14,38.273
2141,"AECS C Block, Begur",airnet,12.873089,77.634085,14,40.314
2141,"AECS C Block, Begur",airnet,12.873089,77.634085,15,38.946
2141,"AECS C Block, Begur",airnet,12.873089,77.634085,16,34.974
2141,"AECS C Block, Begur",airnet,12.873089,77.634085,16,35.819
2141,"AECS C Block, Begur",airnet,12.873089,77.634085,17,35.983
2141,"AECS C Block, Begur",airnet,12.873089,77.634085,18,40.006
2141,"AECS C Block, Begur",airnet,12.873089,77.634085,18,39.767
2141,"AECS C Block, Begur",airnet,12.873089,77.634085,19,44.306
2141,"AECS C Block, Begur",airnet,12.873089,77.634085,19,86.176
2141,"AECS C Block, Begur",airnet,12.873089,77.634085,20,110.497
2141,"AECS C Block, Begur",airnet,12.873089,77.634085,21,68.909
2141,"AECS C Block, Begur",airnet,12.873089,77.634085,22,33.83
2141,"AECS C Block, Begur",airnet,12.873089,77.634085,23,30.769
2141,"AECS C Block, Begur",airnet,12.873089,77.634085,0,30.264
2141,"AECS C Block, Begur",airnet,12.873089,77.634085,0,29.514
2141,"AECS C Block, Begur",airnet,12.873089,77.634085,1,29.494
2141,"AECS C Block, Begur",airnet,12.873089,77.634085,2,32.231
2141,"AECS C Block, Begur",airnet,12.873089,77.634085,3,31.562
2141,"AECS C Block, Begur",airnet,12.873089,77.634085,3,32.603
2141,"AECS C Block, Begur",airnet,12.873089,77.634085,4,31.836
2141,"AECS C Block, Begur",airnet,12.873089,77.634085,6,34.708
2141,"AECS C Block, Begur",airnet,12.873089,77.634085,7,34.066
2141,"AECS C Block, Begur",airnet,12.873089,77.634085,8,36.481
2141,"AECS C Block, Begur",airnet,12.873089,77.634085,8,38.382
2141,"AECS C Block, Begur",airnet,12.873089,77.634085,9,35.448
2141,"AECS C Block, Begur",airnet,12.873089,77.634085,10,35.819
2141,"AECS C Block, Begur",airnet,12.873089,77.634085,10,34.95
2141,"AECS C Block, Begur",airnet,12.873089,77.634085,12,33.196
2141,"AECS C Block, Begur",airnet,12.873089,77.634085,12,33.049
2141,"AECS C Block, Begur",airnet,12.873089,77.634085,13,32.09
2141,"AECS C Block, Begur",airnet,12.873089,77.634085,14,31.149
2141,"AECS C Block, Begur",airnet,12.873089,77.634085,14,31.871
2141,"AECS C Block, Begur",airnet,12.873089,77.634085,15,32.083
2141,"AECS C Block, Begur",airnet,12.873089,77.634085,15,31.719
2141,"AECS C Block, Begur",airnet,12.873089,77.634085,16,31.353
2141,"AECS C Block, Begur",airnet,12.873089,77.634085,16,32.446
2141,"AECS C Block, Begur",airnet,12.873089,77.634085,17,31.903
2141,"AECS C Block, Begur",airnet,12.873089,77.634085,17,30.708
2141,"AECS C Block, Begur",airnet,12.873089,77.634085,18,34.328
2141,"AECS C Block, Begur",airnet,12.873089,77.634085,18,34.196
2141,"AECS C Block, Begur",airnet,12.873089,77.634085,19,37.299
2141,"AECS C Block, Begur",airnet,12.873089,77.634085,20,45.515
2141,"AECS C Block, Begur",airnet,12.873089,77.634085,21,74.036
2141,"AECS C Block, Begur",airnet,12.873089,77.634085,21,70.396
2141,"AECS C Block, Begur",airnet,12.873089,77.634085,22,86.901
2141,"AECS C Block, Begur",airnet,12.873089,77.634085,0,37.755
2141,"AECS C Block, Begur",airnet,12.873089,77.634085,0,40.159
2141,"AECS C Block, Begur",airnet,12.873089,77.634085,0,40.361
2141,"AECS C Block, Begur",airnet,12.873089,77.634085,1,34.766
2141,"AECS C Block, Begur",airnet,12.873089,77.634085,2,30.583
2141,"AECS C Block, Begur",airnet,12.873089,77.634085,2,28.383
2141,"AECS C Block, Begur",airnet,12.873089,77.634085,3,31.199
2141,"AECS C Block, Begur",airnet,12.873089,77.634085,4,33.488
2141,"AECS C Block, Begur",airnet,12.873089,77.634085,4,32.017
2141,"AECS C Block, Begur",airnet,12.873089,77.634085,5,31.123
2141,"AECS C Block, Begur",airnet,12.873089,77.634085,6,41.223
2141,"AECS C Block, Begur",airnet,12.873089,77.634085,7,39.19
2141,"AECS C Block, Begur",airnet,12.873089,77.634085,7,31.651
2141,"AECS C Block, Begur",airnet,12.873089,77.634085,8,30.953
2141,"AECS C Block, Begur",airnet,12.873089,77.634085,8,19.849
2141,"AECS C Block, Begur",airnet,12.873089,77.634085,9,20.371
2141,"AECS C Block, Begur",airnet,12.873089,77.634085,11,20.606
2141,"AECS C Block, Begur",airnet,12.873089,77.634085,13,24.998
2141,"AECS C Block, Begur",airnet,12.873089,77.634085,13,26.168
2141,"AECS C Block, Begur",airnet,12.873089,77.634085,13,26.266
2141,"AECS C Block, Begur",airnet,12.873089,77.634085,15,26.203
2141,"AECS C Block, Begur",airnet,12.873089,77.634085,15,26.441
2141,"AECS C Block, Begur",airnet,12.873089,77.634085,16,26.201
2141,"AECS C Block, Begur",airnet,12.873089,77.634085,16,25.479
2141,"AECS C Block, Begur",airnet,12.873089,77.634085,16,25.816
2141,"AECS C Block, Begur",airnet,12.873089,77.634085,17,25.79
2141,"AECS C Block, Begur",airnet,12.873089,77.634085,17,24.961
2141,"AECS C Block, Begur",airnet,12.873089,77.634085,18,31.228
2141,"AECS C Block, Begur",airnet,12.873089,77.634085,19,41.254
2141,"AECS C Block, Begur",airnet,12.873089,77.634085,21,96.711
2141,"AECS C Block, Begur",airnet,12.873089,77.634085,21,98.698
2141,"AECS C Block, Begur",airnet,12.873089,77.634085,21,126.346
2141,"AECS C Block, Begur",airnet,12.873089,77.634085,22,146.293
2141,"AECS C Block, Begur",airnet,12.873089,77.634085,23,29.594
2141,"AECS C Block, Begur",airnet,12.873089,77.634085,0,15.005
2141,"AECS C Block, Begur",airnet,12.873089,77.634085,0,28.722
2141,"AECS C Block, Begur",airnet,12.873089,77.634085,0,8.185
2141,"AECS C Block, Begur",airnet,12.873089,77.634085,2,20.913
2141,"AECS C Block, Begur",airnet,12.873089,77.634085,5,26.521
2141,"AECS C Block, Begur",airnet,12.873089,77.634085,7,26.86
2141,"AECS C Block, Begur",airnet,12.873089,77.634085,7,34.802
2143,CSTEP Test Bed,airnet,13.048451,77.579592,4,17.225
2143,CSTEP Test Bed,airnet,13.048451,77.579592,6,25.144
2143,CSTEP Test Bed,airnet,13.048451,77.579592,7,24.938
2143,CSTEP Test Bed,airnet,13.048451,77.579592,9,29.007
2143,CSTEP Test Bed,airnet,13.048451,77.579592,10,29.102
2143,CSTEP Test Bed,airnet,13.048451,77.579592,10,27.619
2143,CSTEP Test Bed,airnet,13.048451,77.579592,11,21.325
2143,CSTEP Test Bed,airnet,13.048451,77.579592,12,9.744
2143,CSTEP Test Bed,airnet,13.048451,77.579592,12,10.09
2143,CSTEP Test Bed,airnet,13.048451,77.579592,13,6.825
2143,CSTEP Test Bed,airnet,13.048451,77.579592,16,20.423
2143,CSTEP Test Bed,airnet,13.048451,77.579592,17,23.767
2143,CSTEP Test Bed,airnet,13.048451,77.579592,19,13.994
2143,CSTEP Test Bed,airnet,13.048451,77.579592,21,3.613
2143,CSTEP Test Bed,airnet,13.048451,77.579592,22,13.319
2143,CSTEP Test Bed,airnet,13.048451,77.579592,22,14.171
2143,CSTEP Test Bed,airnet,13.048451,77.579592,0,13.843
2143,CSTEP Test Bed,airnet,13.048451,77.579592,1,3.339
2143,CSTEP Test Bed,airnet,13.048451,77.579592,3,3.283
2143,CSTEP Test Bed,airnet,13.048451,77.579592,4,10.573
2143,CSTEP Test Bed,airnet,13.048451,77.579592,4,7.915
2143,CSTEP Test Bed,airnet,13.048451,77.579592,4,7.971
2143,CSTEP Test Bed,airnet,13.048451,77.579592,5,13.217
2143,CSTEP Test Bed,airnet,13.048451,77.579592,6,15.557
2143,CSTEP Test Bed,airnet,13.048451,77.579592,6,17.713
2143,CSTEP Test Bed,airnet,13.048451,77.579592,6,18.63
2143,CSTEP Test Bed,airnet,13.048451,77.579592,8,5.674
2143,CSTEP Test Bed,airnet,13.048451,77.579592,8,6.35
2143,CSTEP Test Bed,airnet,13.048451,77.579592,9,4.575
2143,CSTEP Test Bed,airnet,13.048451,77.579592,10,6.5
2143,CSTEP Test Bed,airnet,13.048451,77.579592,12,6.66
2143,CSTEP Test Bed,airnet,13.048451,77.579592,13,3.165
2143,CSTEP Test Bed,airnet,13.048451,77.579592,15,4.017
2143,CSTEP Test Bed,airnet,13.048451,77.579592,16,6.547
2143,CSTEP Test Bed,airnet,13.048451,77.579592,18,9.355
2143,CSTEP Test Bed,airnet,13.048451,77.579592,18,15.932
2143,CSTEP Test Bed,airnet,13.048451,77.579592,19,9.449
2143,CSTEP Test Bed,airnet,13.048451,77.579592,19,3.144
2143,CSTEP Test Bed,airnet,13.048451,77.579592,20,15.224
2143,CSTEP Test Bed,airnet,13.048451,77.579592,21,16.543
2143,CSTEP Test Bed,airnet,13.048451,77.579592,22,16.135
2143,CSTEP Test Bed,airnet,13.048451,77.579592,23,15.708
2143,CSTEP Test Bed,airnet,13.048451,77.579592,23,19.896
2143,CSTEP Test Bed,airnet,13.048451,77.579592,0,19.655
2143,CSTEP Test Bed,airnet,13.048451,77.579592,6,5.907
2143,CSTEP Test Bed,airnet,13.048451,77.579592,7,9.845
2143,CSTEP Test Bed,airnet,13.048451,77.579592,7,4.944
2143,CSTEP Test Bed,airnet,13.048451,77.579592,9,2.648
2143,CSTEP Test Bed,airnet,13.048451,77.579592,10,3.85
2143,CSTEP Test Bed,airnet,13.048451,77.579592,10,7.52
2143,CSTEP Test Bed,airnet,13.048451,77.579592,12,8.296
2143,CSTEP Test Bed,airnet,13.048451,77.579592,13,8.408
2143,CSTEP Test Bed,airnet,13.048451,77.579592,15,10.12
2143,CSTEP Test Bed,airnet,13.048451,77.579592,15,13.815
2143,CSTEP Test Bed,airnet,13.048451,77.579592,16,13.575
2143,CSTEP Test Bed,airnet,13.048451,77.579592,16,13.72
2143,CSTEP Test Bed,airnet,13.048451,77.579592,17,12.863
2143,CSTEP Test Bed,airnet,13.048451,77.579592,17,13.586
2143,CSTEP Test Bed,airnet,13.048451,77.579592,17,25.059
2143,CSTEP Test Bed,airnet,13.048451,77.579592,18,25.569
2143,CSTEP Test Bed,airnet,13.048451,77.579592,18,25.349
2143,CSTEP Test Bed,airnet,13.048451,77.579592,18,16.996
2143,CSTEP Test Bed,airnet,13.048451,77.579592,19,52.752
2143,CSTEP Test Bed,airnet,13.048451,77.579592,20,22.635
2143,CSTEP Test Bed,airnet,13.048451,77.579592,21,20.531
2143,CSTEP Test Bed,airnet,13.048451,77.579592,21,17.856
2143,CSTEP Test Bed,airnet,13.048451,77.579592,22,20.036
2143,CSTEP Test Bed,airnet,13.048451,77.579592,22,15.61
2143,CSTEP Test Bed,airnet,13.048451,77.579592,23,15.494
2143,CSTEP Test Bed,airnet,13.048451,77.579592,0,22.3
2143,CSTEP Test Bed,airnet,13.048451,77.579592,1,26.109
2143,CSTEP Test Bed,airnet,13.048451,77.579592,1,26.54
2143,CSTEP Test Bed,airnet,13.048451,77.579592,2,27.328
2143,CSTEP Test Bed,airnet,13.048451,77.579592,3,26.383
2143,CSTEP Test Bed,airnet,13.048451,77.579592,3,25.763
2143,CSTEP Test Bed,airnet,13.048451,77.579592,4,24.999
2143,CSTEP Test Bed,airnet,13.048451,77.579592,6,27.005
2143,CSTEP Test Bed,airnet,13.048451,77.579592,8,32.611
2143,CSTEP Test Bed,airnet,13.048451,77.579592,10,27.367
2143,CSTEP Test Bed,airnet,13.048451,77.579592,12,28.4
2143,CSTEP Test Bed,airnet,13.048451,77.579592,12,28.134
2143,CSTEP Test Bed,airnet,13.048451,77.579592,13,25.882
2143,CSTEP Test Bed,airnet,13.048451,77.579592,13,24.607
2143,CSTEP Test Bed,airnet,13.048451,77.579592,14,22.136
2143,CSTEP Test Bed,airnet,13.048451,77.579592,14,23.733
2143,CSTEP Test Bed,airnet,13.048451,77.579592,14,22.834
2143,CSTEP Test Bed,airnet,13.048451,77.579592,15,26.791
2148,Yeshwantpur Stage 1 ,airnet,13.035533,77.534676,10,33.163
2148,Yeshwantpur Stage 1 ,airnet,13.035533,77.534676,10,30.168
2148,Yeshwantpur Stage 1 ,airnet,13.035533,77.534676,11,28.939
2148,Yeshwantpur Stage 1 ,airnet,13.035533,77.534676,11,29.21
2148,Yeshwantpur Stage 1 ,airnet,13.035533,77.534676,11,31.265
2148,Yeshwantpur Stage 1 ,airnet,13.035533,77.534676,13,28.325
2148,Yeshwantpur Stage 1 ,airnet,13.035533,77.534676,16,31.381
2148,Yeshwantpur Stage 1 ,airnet,13.035533,77.534676,18,31.946
2148,Yeshwantpur Stage 1 ,airnet,13.035533,77.534676,18,35.022
2148,Yeshwantpur Stage 1 ,airnet,13.035533,77.534676,19,37.826
2148,Yeshwantpur Stage 1 ,airnet,13.035533,77.534676,20,39.538
2148,Yeshwantpur Stage 1 ,airnet,13.035533,77.534676,22,37.261
2148,Yeshwantpur Stage 1 ,airnet,13.035533,77.534676,23,30.488
2148,Yeshwantpur Stage 1 ,airnet,13.035533,77.534676,0,25.545
2148,Yeshwantpur Stage 1 ,airnet,13.035533,77.534676,1,22.732
2148,Yeshwantpur Stage 1 ,airnet,13.035533,77.534676,1,19.16
2148,Yeshwantpur Stage 1 ,airnet,13.035533,77.534676,1,11.921
2148,Yeshwantpur Stage 1 ,airnet,13.035533,77.534676,2,6.635
2148,Yeshwantpur Stage 1 ,airnet,13.035533,77.534676,2,11.638
2148,Yeshwantpur Stage 1 ,airnet,13.035533,77.534676,3,13.486
2148,Yeshwantpur Stage 1 ,airnet,13.035533,77.534676,4,14.467
2148,Yeshwantpur Stage 1 ,airnet,13.035533,77.534676,4,18.992
2148,Yeshwantpur Stage 1 ,airnet,13.035533,77.534676,6,22.113
2148,Yeshwantpur Stage 1 ,airnet,13.035533,77.534676,7,30.564
2148,Yeshwantpur Stage 1 ,airnet,13.035533,77.534676,9,33.235
2148,Yeshwantpur Stage 1 ,airnet,13.035533,77.534676,10,28.238
2148,Yeshwantpur Stage 1 ,airnet,13.035533,77.534676,10,26.314
2148,Yeshwantpur Stage 1 ,airnet,13.035533,77.534676,11,20.795
2148,Yeshwantpur Stage 1 ,airnet,13.035533,77.534676,13,7.95
2148,Yeshwantpur Stage 1 ,airnet,13.035533,77.534676,17,26.598
2148,Yeshwantpur Stage 1 ,airnet,13.035533,77.534676,20,2.428
2148,Yeshwantpur Stage 1 ,airnet,13.035533,77.534676,22,7.723
2148,Yeshwantpur Stage 1 ,airnet,13.035533,77.534676,22,8.862
2148,Yeshwantpur Stage 1 ,airnet,13.035533,77.534676,22,12.439
2148,Yeshwantpur Stage 1 ,airnet,13.035533,77.534676,23,13.879
2148,Yeshwantpur Stage 1 ,airnet,13.035533,77.534676,0,7.166
2148,Yeshwantpur Stage 1 ,airnet,13.035533,77.534676,1,5.912
2148,Yeshwantpur Stage 1 ,airnet,13.035533,77.534676,1,3.328
2148,Yeshwantpur Stage 1 ,airnet,13.035533,77.534676,5,4.085
2148,Yeshwantpur Stage 1 ,airnet,13.035533,77.534676,7,22.247
2148,Yeshwantpur Stage 1 ,airnet,13.035533,77.534676,9,13.669
2148,Yeshwantpur Stage 1 ,airnet,13.035533,77.534676,10,14.222
2148,Yeshwantpur Stage 1 ,airnet,13.035533,77.534676,10,17.34
2148,Yeshwantpur Stage 1 ,airnet,13.035533,77.534676,16,13.484
2148,Yeshwantpur Stage 1 ,airnet,13.035533,77.534676,17,6.477
2148,Yeshwantpur Stage 1 ,airnet,13.035533,77.534676,18,23.753
2148,Yeshwantpur Stage 1 ,airnet,13.035533,77.534676,19,16.847
2148,Yeshwantpur Stage 1 ,airnet,13.035533,77.534676,20,14.697
2148,Yeshwantpur Stage 1 ,airnet,13.035533,77.534676,22,22.229
2148,Yeshwantpur Stage 1 ,airnet,13.035533,77.534676,22,18.795
2148,Yeshwantpur Stage 1 ,airnet,13.035533,77.534676,23,18.699
2148,Yeshwantpur Stage 1 ,airnet,13.035533,77.534676,0,16.879
2148,Yeshwantpur Stage 1 ,airnet,13.035533,77.534676,1,16.314
2148,Yeshwantpur Stage 1 ,airnet,13.035533,77.534676,4,2.181
2148,Yeshwantpur Stage 1 ,airnet,13.035533,77.534676,7,6.692
2148,Yeshwantpur Stage 1 ,airnet,13.035533,77.534676,9,3.777
2148,Yeshwantpur Stage 1 ,airnet,13.035533,77.534676,10,3.329
2148,Yeshwantpur Stage 1 ,airnet,13.035533,77.534676,11,11.439
2148,Yeshwantpur Stage 1 ,airnet,13.035533,77.534676,11,9.862
2148,Yeshwantpur Stage 1 ,airnet,13.035533,77.534676,12,8.831
2148,Yeshwantpur Stage 1 ,airnet,13.035533,77.534676,13,6.801
2148,Yeshwantpur Stage 1 ,airnet,13.035533,77.534676,13,10.125
2148,Yeshwantpur Stage 1 ,airnet,13.035533,77.534676,14,8.127
2148,Yeshwantpur Stage 1 ,airnet,13.035533,77.534676,15,8.497
2148,Yeshwantpur Stage 1 ,airnet,13.035533,77.534676,15,9.7
2148,Yeshwantpur Stage 1 ,airnet,13.035533,77.534676,17,19.832
2148,Yeshwantpur Stage 1 ,airnet,13.035533,77.534676,18,23.673
2148,Yeshwantpur Stage 1 ,airnet,13.035533,77.534676,20,20.008
2148,Yeshwantpur Stage 1 ,airnet,13.035533,77.534676,20,21.417
2148,Yeshwantpur Stage 1 ,airnet,13.035533,77.534676,21,21.467
2148,Yeshwantpur Stage 1 ,airnet,13.035533,77.534676,21,18.433
2148,Yeshwantpur Stage 1 ,airnet,13.035533,77.534676,22,23.27
2148,Yeshwantpur Stage 1 ,airnet,13.035533,77.534676,22,21.402
2148,Yeshwantpur Stage 1 ,airnet,13.035533,77.534676,0,17.494
2148,Yeshwantpur Stage 1 ,airnet,13.035533,77.534676,1,26.127
2148,Yeshwantpur Stage 1 ,airnet,13.035533,77.534676,1,22.978
2148,Yeshwantpur Stage 1 ,airnet,13.035533,77.534676,2,25.519
2148,Yeshwantpur Stage 1 ,airnet,13.035533,77.534676,3,21.416
2148,Yeshwantpur Stage 1 ,airnet,13.035533,77.534676,4,20.475
2148,Yeshwantpur Stage 1 ,airnet,13.035533,77.534676,5,41.192
2148,Yeshwantpur Stage 1 ,airnet,13.035533,77.534676,8,33.136
2148,Yeshwantpur Stage 1 ,airnet,13.035533,77.534676,10,24.224
2148,Yeshwantpur Stage 1 ,airnet,13.035533,77.534676,11,23.186
2148,Yeshwantpur Stage 1 ,airnet,13.035533,77.534676,12,28.296
2148,Yeshwantpur Stage 1 ,airnet,13.035533,77.534676,12,25.027
2148,Yeshwantpur Stage 1 ,airnet,13.035533,77.534676,13,25.013
2148,Yeshwantpur Stage 1 ,airnet,13.035533,77.534676,14,21.677
2148,Yeshwantpur Stage 1 ,airnet,13.035533,77.534676,16,20.119
2148,Yeshwantpur Stage 1 ,airnet,13.035533,77.534676,16,26.221
12094,Mahadevapura,airnet,12.991135,77.686442,15,16.964
12094,Mahadevapura,airnet,12.991135,77.686442,16,17.201
12094,Mahadevapura,airnet,12.991135,77.686442,16,17.293
12094,Mahadevapura,airnet,12.991135,77.686442,16,17.107
12094,Mahadevapura,airnet,12.991135,77.686442,16,17.223
12094,Mahadevapura,airnet,12.991135,77.686442,17,17.813
12094,Mahadevapura,airnet,12.991135,77.686442,17,17.742
12094,Mahadevapura,airnet,12.991135,77.686442,17,17.846
12094,Mahadevapura,airnet,12.991135,77.686442,17,17.416
12094,Mahadevapura,airnet,12.991135,77.686442,18,16.276
12094,Mahadevapura,airnet,12.991135,77.686442,18,14.972
12094,Mahadevapura,airnet,12.991135,77.686442,18,15.354
12094,Mahadevapura,airnet,12.991135,77.686442,18,15.832
12094,Mahadevapura,airnet,12.991135,77.686442,19,14.87
12094,Mahadevapura,airnet,12.991135,77.686442,19,14.761
12094,Mahadevapura,airnet,12.991135,77.686442,19,15.008
12094,Mahadevapura,airnet,12.991135,77.686442,19,15.508
12094,Mahadevapura,airnet,12.991135,77.686442,20,15.665
12094,Mahadevapura,airnet,12.991135,77.686442,20,15.328
12094,Mahadevapura,airnet,12.991135,77.686442,20,14.451
12094,Mahadevapura,airnet,12.991135,77.686442,20,13.914
12094,Mahadevapura,airnet,12.991135,77.686442,21,13.811
12094,Mahadevapura,airnet,12.991135,77.686442,21,14.686
12094,Mahadevapura,airnet,12.991135,77.686442,21,13.297
12094,Mahadevapura,airnet,12.991135,77.686442,22,11.671
12094,Mahadevapura,airnet,12.991135,77.686442,22,10.554
12094,Mahadevapura,airnet,12.991135,77.686442,22,10.408
12094,Mahadevapura,airnet,12.991135,77.686442,22,10.578
12094,Mahadevapura,airnet,12.991135,77.686442,23,10.645
12094,Mahadevapura,airnet,12.991135,77.686442,23,11.644
12094,Mahadevapura,airnet,12.991135,77.686442,23,11.767
12094,Mahadevapura,airnet,12.991135,77.686442,23,11.308
12094,Mahadevapura,airnet,12.991135,77.686442,0,11.887
12094,Mahadevapura,airnet,12.991135,77.686442,0,13.262
12094,Mahadevapura,airnet,12.991135,77.686442,0,13.759
12094,Mahadevapura,airnet,12.991135,77.686442,0,13.523
12094,Mahadevapura,airnet,12.991135,77.686442,1,14.08
12094,Mahadevapura,airnet,12.991135,77.686442,1,13.701
12094,Mahadevapura,airnet,12.991135,77.686442,1,13.786
12094,Mahadevapura,airnet,12.991135,77.686442,1,13.219
12094,Mahadevapura,airnet,12.991135,77.686442,2,13.102
12094,Mahadevapura,airnet,12.991135,77.686442,2,12.556
12094,Mahadevapura,airnet,12.991135,77.686442,2,12.609
12094,Mahadevapura,airnet,12.991135,77.686442,2,11.973
12094,Mahadevapura,airnet,12.991135,77.686442,3,11.793
12094,Mahadevapura,airnet,12.991135,77.686442,3,11.924
12094,Mahadevapura,airnet,12.991135,77.686442,3,11.416
12094,Mahadevapura,airnet,12.991135,77.686442,3,12.322
12094,Mahadevapura,airnet,12.991135,77.686442,4,12.983
12094,Mahadevapura,airnet,12.991135,77.686442,4,13.545
12094,Mahadevapura,airnet,12.991135,77.686442,4,13.831
12094,Mahadevapura,airnet,12.991135,77.686442,4,14.579
12094,Mahadevapura,airnet,12.991135,77.686442,5,14.336
12094,Mahadevapura,airnet,12.991135,77.686442,5,13.669
12094,Mahadevapura,airnet,12.991135,77.686442,5,14.629
12094,Mahadevapura,airnet,12.991135,77.686442,5,21.126
12094,Mahadevapura,airnet,12.991135,77.686442,6,51.274
12094,Mahadevapura,airnet,12.991135,77.686442,6,44.811
12094,Mahadevapura,airnet,12.991135,77.686442,6,19.302
12094,Mahadevapura,airnet,12.991135,77.686442,6,23.107
12094,Mahadevapura,airnet,12.991135,77.686442,7,22.437
12094,Mahadevapura,airnet,12.991135,77.686442,7,22.074
12094,Mahadevapura,airnet,12.991135,77.686442,7,20.879
12094,Mahadevapura,airnet,12.991135,77.686442,7,18.133
12094,Mahadevapura,airnet,12.991135,77.686442,8,16.857
12094,Mahadevapura,airnet,12.991135,77.686442,8,17.549
12094,Mahadevapura,airnet,12.991135,77.686442,8,18.149
12094,Mahadevapura,airnet,12.991135,77.686442,8,19.243
12094,Mahadevapura,airnet,12.991135,77.686442,9,20.017
12094,Mahadevapura,airnet,12.991135,77.686442,9,19.355
12094,Mahadevapura,airnet,12.991135,77.686442,9,19.897
12094,Mahadevapura,airnet,12.991135,77.686442,9,20.879
12094,Mahadevapura,airnet,12.991135,77.686442,10,21.309
12094,Mahadevapura,airnet,12.991135,77.686442,10,20.699
12094,Mahadevapura,airnet,12.991135,77.686442,10,20.149
12094,Mahadevapura,airnet,12.991135,77.686442,11,19.414
12094,Mahadevapura,airnet,12.991135,77.686442,11,19.615
12094,Mahadevapura,airnet,12.991135,77.686442,11,20.165
12094,Mahadevapura,airnet,12.991135,77.686442,11,19.819
12094,Mahadevapura,airnet,12.991135,77.686442,12,19.304
12094,Mahadevapura,airnet,12.991135,77.686442,12,18.942
12094,Mahadevapura,airnet,12.991135,77.686442,12,19.133
12094,Mahadevapura,airnet,12.991135,77.686442,13,18.908
12094,Mahadevapura,airnet,12.991135,77.686442,13,19.02
12094,Mahadevapura,airnet,12.991135,77.686442,13,18.875
12094,Mahadevapura,airnet,12.991135,77.686442,13,18.961
12094,Mahadevapura,airnet,12.991135,77.686442,14,19.065
12094,Mahadevapura,airnet,12.991135,77.686442,14,19.05
12094,Mahadevapura,airnet,12.991135,77.686442,14,19.314
12094,Mahadevapura,airnet,12.991135,77.686442,14,19.582
12094,Mahadevapura,airnet,12.991135,77.686442,15,19.628
12094,Mahadevapura,airnet,12.991135,77.686442,15,19.277
12094,Mahadevapura,airnet,12.991135,77.686442,15,19.908
12094,Mahadevapura,airnet,12.991135,77.686442,15,19.54
12094,Mahadevapura,airnet,12.991135,77.686442,16,19.405
12094,Mahadevapura,airnet,12.991135,77.686442,16,19.61
12096,Byatarayanapura New Extension,airnet,12.950957,77.54064,11,18.689
12096,Byatarayanapura New Extension,airnet,12.950957,77.54064,12,18.337
12096,Byatarayanapura New Extension,airnet,12.950957,77.54064,12,30.977
12096,Byatarayanapura New Extension,airnet,12.950957,77.54064,12,28.167
12096,Byatarayanapura New Extension,airnet,12.950957,77.54064,12,18.041
12096,Byatarayanapura New Extension,airnet,12.950957,77.54064,13,18.884
12096,Byatarayanapura New Extension,airnet,12.950957,77.54064,13,18.998
12096,Byatarayanapura New Extension,airnet,12.950957,77.54064,14,17.885
12096,Byatarayanapura New Extension,airnet,12.950957,77.54064,14,18.11
12096,Byatarayanapura New Extension,airnet,12.950957,77.54064,14,17.215
12096,Byatarayanapura New Extension,airnet,12.950957,77.54064,15,16.544
12096,Byatarayanapura New Extension,airnet,12.950957,77.54064,15,17.118
12096,Byatarayanapura New Extension,airnet,12.950957,77.54064,16,17.373
12096,Byatarayanapura New Extension,airnet,12.950957,77.54064,16,17.982
12096,Byatarayanapura New Extension,airnet,12.950957,77.54064,16,19.106
12096,Byatarayanapura New Extension,airnet,12.950957,77.54064,16,18.012
12096,Byatarayanapura New Extension,airnet,12.950957,77.54064,17,18.148
12096,Byatarayanapura New Extension,airnet,12.950957,77.54064,17,19.549
12096,Byatarayanapura New Extension,airnet,12.950957,77.54064,17,19.274
12096,Byatarayanapura New Extension,airnet,12.950957,77.54064,18,21.17
12096,Byatarayanapura New Extension,airnet,12.950957,77.54064,18,42.036
12096,Byatarayanapura New Extension,airnet,12.950957,77.54064,18,42.248
12096,Byatarayanapura New Extension,airnet,12.950957,77.54064,19,27.742
12096,Byatarayanapura New Extension,airnet,12.950957,77.54064,19,23.943
12096,Byatarayanapura New Extension,airnet,12.950957,77.54064,19,17.403
12096,Byatarayanapura New Extension,airnet,12.950957,77.54064,19,15.784
12096,Byatarayanapura New Extension,airnet,12.950957,77.54064,20,14.951
12096,Byatarayanapura New Extension,airnet,12.950957,77.54064,20,14.011
12096,Byatarayanapura New Extension,airnet,12.950957,77.54064,20,13.614
12096,Byatarayanapura New Extension,airnet,12.950957,77.54064,20,13.741
12096,Byatarayanapura New Extension,airnet,12.950957,77.54064,21,13.223
12096,Byatarayanapura New Extension,airnet,12.950957,77.54064,21,13.04
12096,Byatarayanapura New Extension,airnet,12.950957,77.54064,22,12.908
12096,Byatarayanapura New Extension,airnet,12.950957,77.54064,22,13.76
12096,Byatarayanapura New Extension,airnet,12.950957,77.54064,22,12.721
12096,Byatarayanapura New Extension,airnet,12.950957,77.54064,23,12.401
12096,Byatarayanapura New Extension,airnet,12.950957,77.54064,23,12.522
12096,Byatarayanapura New Extension,airnet,12.950957,77.54064,23,12.462
12096,Byatarayanapura New Extension,airnet,12.950957,77.54064,23,12.4
12096,Byatarayanapura New Extension,airnet,12.950957,77.54064,0,12.895
12096,Byatarayanapura New Extension,airnet,12.950957,77.54064,0,13.153
12096,Byatarayanapura New Extension,airnet,12.950957,77.54064,0,12.824
12096,Byatarayanapura New Extension,airnet,12.950957,77.54064,0,12.364
12096,Byatarayanapura New Extension,airnet,12.950957,77.54064,1,12.983
12096,Byatarayanapura New Extension,airnet,12.950957,77.54064,1,12.552
12096,Byatarayanapura New Extension,airnet,12.950957,77.54064,2,12.368
12096,Byatarayanapura New Extension,airnet,12.950957,77.54064,2,11.785
12096,Byatarayanapura New Extension,airnet,12.950957,77.54064,2,11.965
12096,Byatarayanapura New Extension,airnet,12.950957,77.54064,2,12.104
12096,Byatarayanapura New Extension,airnet,12.950957,77.54064,3,12.831
12096,Byatarayanapura New Extension,airnet,12.950957,77.54064,3,12.374
12096,Byatarayanapura New Extension,airnet,12.950957,77.54064,3,12.589
12096,Byatarayanapura New Extension,airnet,12.950957,77.54064,4,12.319
12096,Byatarayanapura New Extension,airnet,12.950957,77.54064,4,13.069
12096,Byatarayanapura New Extension,airnet,12.950957,77.54064,4,13.823
12096,Byatarayanapura New Extension,airnet,12.950957,77.54064,5,13.222
12096,Byatarayanapura New Extension,airnet,12.950957,77.54064,5,13.228
12096,Byatarayanapura New Extension,airnet,12.950957,77.54064,5,13.103
12096,Byatarayanapura New Extension,airnet,12.950957,77.54064,5,13.845
12096,Byatarayanapura New Extension,airnet,12.950957,77.54064,6,16.352
12096,Byatarayanapura New Extension,airnet,12.950957,77.54064,6,15.37
12096,Byatarayanapura New Extension,airnet,12.950957,77.54064,6,16.277
12096,Byatarayanapura New Extension,airnet,12.950957,77.54064,6,16.2
12096,Byatarayanapura New Extension,airnet,12.950957,77.54064,7,16.846
12096,Byatarayanapura New Extension,airnet,12.950957,77.54064,7,16.875
12096,Byatarayanapura New Extension,airnet,12.950957,77.54064,7,15.819
12096,Byatarayanapura New Extension,airnet,12.950957,77.54064,8,16.649
12096,Byatarayanapura New Extension,airnet,12.950957,77.54064,8,17.772
12096,Byatarayanapura New Extension,airnet,12.950957,77.54064,8,16.82
12096,Byatarayanapura New Extension,airnet,12.950957,77.54064,8,15.268
12096,Byatarayanapura New Extension,airnet,12.950957,77.54064,9,19.33
12096,Byatarayanapura New Extension,airnet,12.950957,77.54064,9,21.423
12096,Byatarayanapura New Extension,airnet,12.950957,77.54064,9,20.075
12096,Byatarayanapura New Extension,airnet,12.950957,77.54064,10,19.472
12096,Byatarayanapura New Extension,airnet,12.950957,77.54064,10,19.405
12096,Byatarayanapura New Extension,airnet,12.950957,77.54064,11,19.351
12096,Byatarayanapura New Extension,airnet,12.950957,77.54064,11,19.119
12096,Byatarayanapura New Extension,airnet,12.950957,77.54064,11,19.882
12096,Byatarayanapura New Extension,airnet,12.950957,77.54064,11,21.324
12096,Byatarayanapura New Extension,airnet,12.950957,77.54064,12,24.328
12096,Byatarayanapura New Extension,airnet,12.950957,77.54064,12,21.794
12096,Byatarayanapura New Extension,airnet,12.950957,77.54064,12,20.384
12096,Byatarayanapura New Extension,airnet,12.950957,77.54064,13,20.515
12096,Byatarayanapura New Extension,airnet,12.950957,77.54064,13,21.584
12096,Byatarayanapura New Extension,airnet,12.950957,77.54064,13,22.619
12096,Byatarayanapura New Extension,airnet,12.950957,77.54064,13,21.361
12096,Byatarayanapura New Extension,airnet,12.950957,77.54064,14,21.44
12096,Byatarayanapura New Extension,airnet,12.950957,77.54064,14,21.988
12096,Byatarayanapura New Extension,airnet,12.950957,77.54064,14,21.027
12096,Byatarayanapura New Extension,airnet,12.950957,77.54064,15,21.438
12096,Byatarayanapura New Extension,airnet,12.950957,77.54064,15,22.663
12096,Byatarayanapura New Extension,airnet,12.950957,77.54064,15,22.447
12096,Byatarayanapura New Extension,airnet,12.950957,77.54064,15,22.771
12096,Byatarayanapura New Extension,airnet,12.950957,77.54064,16,22.078
12096,Byatarayanapura New Extension,airnet,12.950957,77.54064,16,22.635
12096,Byatarayanapura New Extension,airnet,12.950957,77.54064,16,23.088
12201,"Opp Iskon, Chord Road, Mahalaxmi Layout",airnet,13.010636,77.550963,9,15.261
12201,"Opp Iskon, Chord Road, Mahalaxmi Layout",airnet,13.010636,77.550963,10,15.626
12201,"Opp Iskon, Chord Road, Mahalaxmi Layout",airnet,13.010636,77.550963,10,15.621
12201,"Opp Iskon, Chord Road, Mahalaxmi Layout",airnet,13.010636,77.550963,10,15.266
12201,"Opp Iskon, Chord Road, Mahalaxmi Layout",airnet,13.010636,77.550963,11,14.512
12201,"Opp Iskon, Chord Road, Mahalaxmi Layout",airnet,13.010636,77.550963,12,13.533
12201,"Opp Iskon, Chord Road, Mahalaxmi Layout",airnet,13.010636,77.550963,12,13.766
12201,"Opp Iskon, Chord Road, Mahalaxmi Layout",airnet,13.010636,77.550963,13,14.906
12201,"Opp Iskon, Chord Road, Mahalaxmi Layout",airnet,13.010636,77.550963,14,15.68
12201,"Opp Iskon, Chord Road, Mahalaxmi Layout",airnet,13.010636,77.550963,15,15.092
12201,"Opp Iskon, Chord Road, Mahalaxmi Layout",airnet,13.010636,77.550963,15,21.148
12201,"Opp Iskon, Chord Road, Mahalaxmi Layout",airnet,13.010636,77.550963,15,18.681
12201,"Opp Iskon, Chord Road, Mahalaxmi Layout",airnet,13.010636,77.550963,16,13.908
12201,"Opp Iskon, Chord Road, Mahalaxmi Layout",airnet,13.010636,77.550963,17,15.708
12201,"Opp Iskon, Chord Road, Mahalaxmi Layout",airnet,13.010636,77.550963,17,15.989
12201,"Opp Iskon, Chord Road, Mahalaxmi Layout",airnet,13.010636,77.550963,18,13.107
12201,"Opp Iskon, Chord Road, Mahalaxmi Layout",airnet,13.010636,77.550963,18,14.269
12201,"Opp Iskon, Chord Road, Mahalaxmi Layout",airnet,13.010636,77.550963,19,8.056
12201,"Opp Iskon, Chord Road, Mahalaxmi Layout",airnet,13.010636,77.550963,19,8.807
12201,"Opp Iskon, Chord Road, Mahalaxmi Layout",airnet,13.010636,77.550963,20,12.331
12201,"Opp Iskon, Chord Road, Mahalaxmi Layout",airnet,13.010636,77.550963,21,11.194
12201,"Opp Iskon, Chord Road, Mahalaxmi Layout",airnet,13.010636,77.550963,21,10.06
12201,"Opp Iskon, Chord Road, Mahalaxmi Layout",airnet,13.010636,77.550963,22,10.193
12201,"Opp Iskon, Chord Road, Mahalaxmi Layout",airnet,13.010636,77.550963,22,10.568
12201,"Opp Iskon, Chord Road, Mahalaxmi Layout",airnet,13.010636,77.550963,23,8.936
12201,"Opp Iskon, Chord Road, Mahalaxmi Layout",airnet,13.010636,77.550963,23,9.624
12201,"Opp Iskon, Chord Road, Mahalaxmi Layout",airnet,13.010636,77.550963,23,9.291
12201,"Opp Iskon, Chord Road, Mahalaxmi Layout",airnet,13.010636,77.550963,23,9.557
12201,"Opp Iskon, Chord Road, Mahalaxmi Layout",airnet,13.010636,77.550963,0,10.592
12201,"Opp Iskon, Chord Road, Mahalaxmi Layout",airnet,13.010636,77.550963,0,11.081
12201,"Opp Iskon, Chord Road, Mahalaxmi Layout",airnet,13.010636,77.550963,0,11.202
12201,"Opp Iskon, Chord Road, Mahalaxmi Layout",airnet,13.010636,77.550963,1,9.73
12201,"Opp Iskon, Chord Road, Mahalaxmi Layout",airnet,13.010636,77.550963,2,9.419
12201,"Opp Iskon, Chord Road, Mahalaxmi Layout",airnet,13.010636,77.550963,2,7.52
12201,"Opp Iskon, Chord Road, Mahalaxmi Layout",airnet,13.010636,77.550963,5,6.172
12201,"Opp Iskon, Chord Road, Mahalaxmi Layout",airnet,13.010636,77.550963,5,8.164
12201,"Opp Iskon, Chord Road, Mahalaxmi Layout",airnet,13.010636,77.550963,5,7.268
12201,"Opp Iskon, Chord Road, Mahalaxmi Layout",airnet,13.010636,77.550963,6,7.697
12201,"Opp Iskon, Chord Road, Mahalaxmi Layout",airnet,13.010636,77.550963,6,8.877
12201,"Opp Iskon, Chord Road, Mahalaxmi Layout",airnet,13.010636,77.550963,8,12.072
12201,"Opp Iskon, Chord Road, Mahalaxmi Layout",airnet,13.010636,77.550963,8,13.69
12201,"Opp Iskon, Chord Road, Mahalaxmi Layout",airnet,13.010636,77.550963,9,13.225
12201,"Opp Iskon, Chord Road, Mahalaxmi Layout",airnet,13.010636,77.550963,10,16.494
12201,"Opp Iskon, Chord Road, Mahalaxmi Layout",airnet,13.010636,77.550963,10,16.276
12201,"Opp Iskon, Chord Road, Mahalaxmi Layout",airnet,13.010636,77.550963,11,17.359
12201,"Opp Iskon, Chord Road, Mahalaxmi Layout",airnet,13.010636,77.550963,11,19.096
12201,"Opp Iskon, Chord Road, Mahalaxmi Layout",airnet,13.010636,77.550963,12,18.5
12201,"Opp Iskon, Chord Road, Mahalaxmi Layout",airnet,13.010636,77.550963,12,19.092
12201,"Opp Iskon, Chord Road, Mahalaxmi Layout",airnet,13.010636,77.550963,13,18.355
12201,"Opp Iskon, Chord Road, Mahalaxmi Layout",airnet,13.010636,77.550963,13,17.032
12201,"Opp Iskon, Chord Road, Mahalaxmi Layout",airnet,13.010636,77.550963,13,21.654
12201,"Opp Iskon, Chord Road, Mahalaxmi Layout",airnet,13.010636,77.550963,14,20.1
12201,"Opp Iskon, Chord Road, Mahalaxmi Layout",airnet,13.010636,77.550963,14,17.643
12201,"Opp Iskon, Chord Road, Mahalaxmi Layout",airnet,13.010636,77.550963,14,18.723
12201,"Opp Iskon, Chord Road, Mahalaxmi Layout",airnet,13.010636,77.550963,15,18.093
12201,"Opp Iskon, Chord Road, Mahalaxmi Layout",airnet,13.010636,77.550963,15,19.385
12201,"Opp Iskon, Chord Road, Mahalaxmi Layout",airnet,13.010636,77.550963,16,19.011
12201,"Opp Iskon, Chord Road, Mahalaxmi Layout",airnet,13.010636,77.550963,16,21.202
12201,"Opp Iskon, Chord Road, Mahalaxmi Layout",airnet,13.010636,77.550963,17,17.975
12201,"Opp Iskon, Chord Road, Mahalaxmi Layout",airnet,13.010636,77.550963,17,20.04
12201,"Opp Iskon, Chord Road, Mahalaxmi Layout",airnet,13.010636,77.550963,17,18.348
12201,"Opp Iskon, Chord Road, Mahalaxmi Layout",airnet,13.010636,77.550963,18,20.496
12201,"Opp Iskon, Chord Road, Mahalaxmi Layout",airnet,13.010636,77.550963,18,23.331
12201,"Opp Iskon, Chord Road, Mahalaxmi Layout",airnet,13.010636,77.550963,19,22.99
12201,"Opp Iskon, Chord Road, Mahalaxmi Layout",airnet,13.010636,77.550963,19,18.907
12201,"Opp Iskon, Chord Road, Mahalaxmi Layout",airnet,13.010636,77.550963,20,17.045
12201,"Opp Iskon, Chord Road, Mahalaxmi Layout",airnet,13.010636,77.550963,21,15.021
12201,"Opp Iskon, Chord Road, Mahalaxmi Layout",airnet,13.010636,77.550963,21,16.391
12201,"Opp Iskon, Chord Road, Mahalaxmi Layout",airnet,13.010636,77.550963,23,11.913
12201,"Opp Iskon, Chord Road, Mahalaxmi Layout",airnet,13.010636,77.550963,23,12.176
12201,"Opp Iskon, Chord Road, Mahalaxmi Layout",airnet,13.010636,77.550963,23,12.943
12201,"Opp Iskon, Chord Road, Mahalaxmi Layout",airnet,13.010636,77.550963,0,13.498
12201,"Opp Iskon, Chord Road, Mahalaxmi Layout",airnet,13.010636,77.550963,0,13.234
12201,"Opp Iskon, Chord Road, Mahalaxmi Layout",airnet,13.010636,77.550963,0,14.355
12201,"Opp Iskon, Chord Road, Mahalaxmi Layout",airnet,13.010636,77.550963,1,13.918
12201,"Opp Iskon, Chord Road, Mahalaxmi Layout",airnet,13.010636,77.550963,1,13.26
12201,"Opp Iskon, Chord Road, Mahalaxmi Layout",airnet,13.010636,77.550963,1,14.066
12201,"Opp Iskon, Chord Road, Mahalaxmi Layout",airnet,13.010636,77.550963,2,13.594
12201,"Opp Iskon, Chord Road, Mahalaxmi Layout",airnet,13.010636,77.550963,2,13.612
12201,"Opp Iskon, Chord Road, Mahalaxmi Layout",airnet,13.010636,77.550963,3,14.259
12201,"Opp Iskon, Chord Road, Mahalaxmi Layout",airnet,13.010636,77.550963,4,14.846
12201,"Opp Iskon, Chord Road, Mahalaxmi Layout",airnet,13.010636,77.550963,4,15.531
12201,"Opp Iskon, Chord Road, Mahalaxmi Layout",airnet,13.010636,77.550963,4,15.596
12201,"Opp Iskon, Chord Road, Mahalaxmi Layout",airnet,13.010636,77.550963,5,17.895
12201,"Opp Iskon, Chord Road, Mahalaxmi Layout",airnet,13.010636,77.550963,6,17.103
12201,"Opp Iskon, Chord Road, Mahalaxmi Layout",airnet,13.010636,77.550963,8,16.682
12201,"Opp Iskon, Chord Road, Mahalaxmi Layout",airnet,13.010636,77.550963,8,18.355
12201,"Opp Iskon, Chord Road, Mahalaxmi Layout",airnet,13.010636,77.550963,8,18.834
12201,"Opp Iskon, Chord Road, Mahalaxmi Layout",airnet,13.010636,77.550963,10,19.751
12201,"Opp Iskon, Chord Road, Mahalaxmi Layout",airnet,13.010636,77.550963,13,20.23
12201,"Opp Iskon, Chord Road, Mahalaxmi Layout",airnet,13.010636,77.550963,14,21.252
12201,"Opp Iskon, Chord Road, Mahalaxmi Layout",airnet,13.010636,77.550963,14,22.091
12201,"Opp Iskon, Chord Road, Mahalaxmi Layout",airnet,13.010636,77.550963,15,21.359
12201,"Opp Iskon, Chord Road, Mahalaxmi Layout",airnet,13.010636,77.550963,15,20.475
12201,"Opp Iskon, Chord Road, Mahalaxmi Layout",airnet,13.010636,77.550963,15,24.318
12201,"Opp Iskon, Chord Road, Mahalaxmi Layout",airnet,13.010636,77.550963,16,19.995
2146,"Doddabale, Kengeri",airnet,12.900837,77.477512,0,33.069
2146,"Doddabale, Kengeri",airnet,12.900837,77.477512,0,33.346
2146,"Doddabale, Kengeri",airnet,12.900837,77.477512,1,32.272
2146,"Doddabale, Kengeri",airnet,12.900837,77.477512,2,44.003
2146,"Doddabale, Kengeri",airnet,12.900837,77.477512,2,37.237
2146,"Doddabale, Kengeri",airnet,12.900837,77.477512,3,24.748
2146,"Doddabale, Kengeri",airnet,12.900837,77.477512,4,31.074
2146,"Doddabale, Kengeri",airnet,12.900837,77.477512,4,37.358
2146,"Doddabale, Kengeri",airnet,12.900837,77.477512,6,27.051
2146,"Doddabale, Kengeri",airnet,12.900837,77.477512,7,18.668
2146,"Doddabale, Kengeri",airnet,12.900837,77.477512,7,24.28
2146,"Doddabale, Kengeri",airnet,12.900837,77.477512,7,20.983
2146,"Doddabale, Kengeri",airnet,12.900837,77.477512,9,24.254
2146,"Doddabale, Kengeri",airnet,12.900837,77.477512,11,27.002
2146,"Doddabale, Kengeri",airnet,12.900837,77.477512,12,21.136
2146,"Doddabale, Kengeri",airnet,12.900837,77.477512,12,20.845
2146,"Doddabale, Kengeri",airnet,12.900837,77.477512,13,9.327
2146,"Doddabale, Kengeri",airnet,12.900837,77.477512,16,11.334
2146,"Doddabale, Kengeri",airnet,12.900837,77.477512,16,13.467
2146,"Doddabale, Kengeri",airnet,12.900837,77.477512,17,18.533
2146,"Doddabale, Kengeri",airnet,12.900837,77.477512,20,2.736
2146,"Doddabale, Kengeri",airnet,12.900837,77.477512,22,8.45
2146,"Doddabale, Kengeri",airnet,12.900837,77.477512,23,9.873
2146,"Doddabale, Kengeri",airnet,12.900837,77.477512,0,9.156
2146,"Doddabale, Kengeri",airnet,12.900837,77.477512,0,9.6
2146,"Doddabale, Kengeri",airnet,12.900837,77.477512,3,5.207
2146,"Doddabale, Kengeri",airnet,12.900837,77.477512,4,7.476
2146,"Doddabale, Kengeri",airnet,12.900837,77.477512,4,13.335
2146,"Doddabale, Kengeri",airnet,12.900837,77.477512,5,8.655
2146,"Doddabale, Kengeri",airnet,12.900837,77.477512,6,19.423
2146,"Doddabale, Kengeri",airnet,12.900837,77.477512,6,19.452
2146,"Doddabale, Kengeri",airnet,12.900837,77.477512,7,25.218
2146,"Doddabale, Kengeri",airnet,12.900837,77.477512,8,9.217
2146,"Doddabale, Kengeri",airnet,12.900837,77.477512,10,10.229
2146,"Doddabale, Kengeri",airnet,12.900837,77.477512,12,2.471
2146,"Doddabale, Kengeri",airnet,12.900837,77.477512,15,2.15
2146,"Doddabale, Kengeri",airnet,12.900837,77.477512,22,3.271
2146,"Doddabale, Kengeri",airnet,12.900837,77.477512,22,8.611
2146,"Doddabale, Kengeri",airnet,12.900837,77.477512,22,4.575
2146,"Doddabale, Kengeri",airnet,12.900837,77.477512,23,9.782
2146,"Doddabale, Kengeri",airnet,12.900837,77.477512,1,13.637
2146,"Doddabale, Kengeri",airnet,12.900837,77.477512,1,19.343
2146,"Doddabale, Kengeri",airnet,12.900837,77.477512,2,9.317
2146,"Doddabale, Kengeri",airnet,12.900837,77.477512,2,2.914
2146,"Doddabale, Kengeri",airnet,12.900837,77.477512,6,2.221
2146,"Doddabale, Kengeri",airnet,12.900837,77.477512,7,7.368
2146,"Doddabale, Kengeri",airnet,12.900837,77.477512,7,2.923
2146,"Doddabale, Kengeri",airnet,12.900837,77.477512,7,4.941
2146,"Doddabale, Kengeri",airnet,12.900837,77.477512,8,5.176
2146,"Doddabale, Kengeri",airnet,12.900837,77.477512,8,4.072
2146,"Doddabale, Kengeri",airnet,12.900837,77.477512,9,8.604
2146,"Doddabale, Kengeri",airnet,12.900837,77.477512,9,3.883
2146,"Doddabale, Kengeri",airnet,12.900837,77.477512,11,5.325
2146,"Doddabale, Kengeri",airnet,12.900837,77.477512,12,5.668
2146,"Doddabale, Kengeri",airnet,12.900837,77.477512,12,8.055
2146,"Doddabale, Kengeri",airnet,12.900837,77.477512,13,6.944
2146,"Doddabale, Kengeri",airnet,12.900837,77.477512,14,7.512
2146,"Doddabale, Kengeri",airnet,12.900837,77.477512,14,7.006
2146,"Doddabale, Kengeri",airnet,12.900837,77.477512,16,7.487
2146,"Doddabale, Kengeri",airnet,12.900837,77.477512,17,17.838
2146,"Doddabale, Kengeri",airnet,12.900837,77.477512,18,26.797
2146,"Doddabale, Kengeri",airnet,12.900837,77.477512,19,9.053
2146,"Doddabale, Kengeri",airnet,12.900837,77.477512,19,12.927
2146,"Doddabale, Kengeri",airnet,12.900837,77.477512,21,20.44
2146,"Doddabale, Kengeri",airnet,12.900837,77.477512,21,19.662
2146,"Doddabale, Kengeri",airnet,12.900837,77.477512,21,19.565
2146,"Doddabale, Kengeri",airnet,12.900837,77.477512,22,18.609
2146,"Doddabale, Kengeri",airnet,12.900837,77.477512,22,21.716
2146,"Doddabale, Kengeri",airnet,12.900837,77.477512,23,20.917
2146,"Doddabale, Kengeri",airnet,12.900837,77.477512,23,21.033
2146,"Doddabale, Kengeri",airnet,12.900837,77.477512,0,30.167
2146,"Doddabale, Kengeri",airnet,12.900837,77.477512,1,26.033
2146,"Doddabale, Kengeri",airnet,12.900837,77.477512,1,25.328
2146,"Doddabale, Kengeri",airnet,12.900837,77.477512,2,21.673
2146,"Doddabale, Kengeri",airnet,12.900837,77.477512,4,20.441
2146,"Doddabale, Kengeri",airnet,12.900837,77.477512,5,25.695
2146,"Doddabale, Kengeri",airnet,12.900837,77.477512,6,29.065
2146,"Doddabale, Kengeri",airnet,12.900837,77.477512,6,33.221
2146,"Doddabale, Kengeri",airnet,12.900837,77.477512,6,38.571
2146,"Doddabale, Kengeri",airnet,12.900837,77.477512,7,25.252
2146,"Doddabale, Kengeri",airnet,12.900837,77.477512,8,23.34
2146,"Doddabale, Kengeri",airnet,12.900837,77.477512,8,24.522
2146,"Doddabale, Kengeri",airnet,12.900837,77.477512,9,20.477
2146,"Doddabale, Kengeri",airnet,12.900837,77.477512,10,20.456
2146,"Doddabale, Kengeri",airnet,12.900837,77.477512,10,20.56
2146,"Doddabale, Kengeri",airnet,12.900837,77.477512,12,23.546
2146,"Doddabale, Kengeri",airnet,12.900837,77.477512,13,23.819
2146,"Doddabale, Kengeri",airnet,12.900837,77.477512,16,22.962
1168,"Kumarapark, Parijatha",airnet,12.987662,77.581421,21,61.47
1168,"Kumarapark, Parijatha",airnet,12.987662,77.581421,22,69.063
1168,"Kumarapark, Parijatha",airnet,12.987662,77.581421,0,64.341
1168,"Kumarapark, Parijatha",airnet,12.987662,77.581421,1,64.35
1168,"Kumarapark, Parijatha",airnet,12.987662,77.581421,2,57.668
1168,"Kumarapark, Parijatha",airnet,12.987662,77.581421,3,57.362
1168,"Kumarapark, Parijatha",airnet,12.987662,77.581421,5,56.234
1168,"Kumarapark, Parijatha",airnet,12.987662,77.581421,9,50.754
1168,"Kumarapark, Parijatha",airnet,12.987662,77.581421,9,53.174
1168,"Kumarapark, Parijatha",airnet,12.987662,77.581421,11,51.701
1168,"Kumarapark, Parijatha",airnet,12.987662,77.581421,13,50.206
1168,"Kumarapark, Parijatha",airnet,12.987662,77.581421,14,48.971
1168,"Kumarapark, Parijatha",airnet,12.987662,77.581421,15,45.01
1168,"Kumarapark, Parijatha",airnet,12.987662,77.581421,16,43.231
1168,"Kumarapark, Parijatha",airnet,12.987662,77.581421,20,49.397
1168,"Kumarapark, Parijatha",airnet,12.987662,77.581421,21,47.674
1168,"Kumarapark, Parijatha",airnet,12.987662,77.581421,23,39.509
1168,"Kumarapark, Parijatha",airnet,12.987662,77.581421,0,36.857
1168,"Kumarapark, Parijatha",airnet,12.987662,77.581421,2,42.04
1168,"Kumarapark, Parijatha",airnet,12.987662,77.581421,4,42.279
1168,"Kumarapark, Parijatha",airnet,12.987662,77.581421,8,44.727
1168,"Kumarapark, Parijatha",airnet,12.987662,77.581421,9,36.766
1168,"Kumarapark, Parijatha",airnet,12.987662,77.581421,10,38.216
1168,"Kumarapark, Parijatha",airnet,12.987662,77.581421,11,31.776
1168,"Kumarapark, Parijatha",airnet,12.987662,77.581421,12,32.01
1168,"Kumarapark, Parijatha",airnet,12.987662,77.581421,14,37.779
1168,"Kumarapark, Parijatha",airnet,12.987662,77.581421,14,35.325
1168,"Kumarapark, Parijatha",airnet,12.987662,77.581421,16,33.277
1168,"Kumarapark, Parijatha",airnet,12.987662,77.581421,18,41.06
1168,"Kumarapark, Parijatha",airnet,12.987662,77.581421,20,43.217
1168,"Kumarapark, Parijatha",airnet,12.987662,77.581421,22,43.806
1168,"Kumarapark, Parijatha",airnet,12.987662,77.581421,0,49.568
1168,"Kumarapark, Parijatha",airnet,12.987662,77.581421,2,50.814
1168,"Kumarapark, Parijatha",airnet,12.987662,77.581421,2,51.473
1168,"Kumarapark, Parijatha",airnet,12.987662,77.581421,4,51.722
1168,"Kumarapark, Parijatha",airnet,12.987662,77.581421,8,54.729
1168,"Kumarapark, Parijatha",airnet,12.987662,77.581421,8,53.155
1168,"Kumarapark, Parijatha",airnet,12.987662,77.581421,10,38.22
1168,"Kumarapark, Parijatha",airnet,12.987662,77.581421,11,39.627
1168,"Kumarapark, Parijatha",airnet,12.987662,77.581421,12,28.313
1168,"Kumarapark, Parijatha",airnet,12.987662,77.581421,15,26.933
1168,"Kumarapark, Parijatha",airnet,12.987662,77.581421,18,21.969
1168,"Kumarapark, Parijatha",airnet,12.987662,77.581421,20,33.583
1168,"Kumarapark, Parijatha",airnet,12.987662,77.581421,23,47.741
1168,"Kumarapark, Parijatha",airnet,12.987662,77.581421,0,45.985
1168,"Kumarapark, Parijatha",airnet,12.987662,77.581421,0,46.193
1168,"Kumarapark, Parijatha",airnet,12.987662,77.581421,2,39.544
1168,"Kumarapark, Parijatha",airnet,12.987662,77.581421,4,35.034
1168,"Kumarapark, Parijatha",airnet,12.987662,77.581421,6,28.847
1168,"Kumarapark, Parijatha",airnet,12.987662,77.581421,8,28.302
1168,"Kumarapark, Parijatha",airnet,12.987662,77.581421,10,25.881
1168,"Kumarapark, Parijatha",airnet,12.987662,77.581421,11,24.158
1168,"Kumarapark, Parijatha",airnet,12.987662,77.581421,13,24.001
1168,"Kumarapark, Parijatha",airnet,12.987662,77.581421,14,23.06
1168,"Kumarapark, Parijatha",airnet,12.987662,77.581421,14,28.672
1168,"Kumarapark, Parijatha",airnet,12.987662,77.581421,16,26.512
1168,"Kumarapark, Parijatha",airnet,12.987662,77.581421,17,26.737
1168,"Kumarapark, Parijatha",airnet,12.987662,77.581421,19,30.957
1168,"Kumarapark, Parijatha",airnet,12.987662,77.581421,20,36.282
1168,"Kumarapark, Parijatha",airnet,12.987662,77.581421,20,34.497
1168,"Kumarapark, Parijatha",airnet,12.987662,77.581421,23,30.387
1168,"Kumarapark, Parijatha",airnet,12.987662,77.581421,1,30.437
1168,"Kumarapark, Parijatha",airnet,12.987662,77.581421,3,30.977
1168,"Kumarapark, Parijatha",airnet,12.987662,77.581421,5,32.393
1168,"Kumarapark, Parijatha",airnet,12.987662,77.581421,6,31.074
1168,"Kumarapark, Parijatha",airnet,12.987662,77.581421,7,42.136
1168,"Kumarapark, Parijatha",airnet,12.987662,77.581421,10,32.408
1168,"Kumarapark, Parijatha",airnet,12.987662,77.581421,12,19.384
1168,"Kumarapark, Parijatha",airnet,12.987662,77.581421,13,21.477
1168,"Kumarapark, Parijatha",airnet,12.987662,77.581421,14,17.548
1168,"Kumarapark, Parijatha",airnet,12.987662,77.581421,16,15.296
1168,"Kumarapark, Parijatha",airnet,12.987662,77.581421,17,16.031
1168,"Kumarapark, Parijatha",airnet,12.987662,77.581421,18,23.269
1168,"Kumarapark, Parijatha",airnet,12.987662,77.581421,20,31.377
1168,"Kumarapark, Parijatha",airnet,12.987662,77.581421,20,32.068
1168,"Kumarapark, Parijatha",airnet,12.987662,77.581421,0,27.206
1168,"Kumarapark, Parijatha",airnet,12.987662,77.581421,0,27.058
1168,"Kumarapark, Parijatha",airnet,12.987662,77.581421,2,26.902
1168,"Kumarapark, Parijatha",airnet,12.987662,77.581421,4,30.055
1168,"Kumarapark, Parijatha",airnet,12.987662,77.581421,5,31.431
1168,"Kumarapark, Parijatha",airnet,12.987662,77.581421,8,29.802
1168,"Kumarapark, Parijatha",airnet,12.987662,77.581421,9,21.99
1168,"Kumarapark, Parijatha",airnet,12.987662,77.581421,10,16.793
1168,"Kumarapark, Parijatha",airnet,12.987662,77.581421,13,9.551
1168,"Kumarapark, Parijatha",airnet,12.987662,77.581421,14,9.662
1168,"Kumarapark, Parijatha",airnet,12.987662,77.581421,15,9.899
1168,"Kumarapark, Parijatha",airnet,12.987662,77.581421,16,6.271
1168,"Kumarapark, Parijatha",airnet,12.987662,77.581421,17,29.216
1168,"Kumarapark, Parijatha",airnet,12.987662,77.581421,20,34.702
1168,"Kumarapark, Parijatha",airnet,12.987662,77.581421,22,35.929
1168,"Kumarapark, Parijatha",airnet,12.987662,77.581421,0,26.787
1168,"Kumarapark, Parijatha",airnet,12.987662,77.581421,1,35.664
1168,"Kumarapark, Parijatha",airnet,12.987662,77.581421,2,35.0
1168,"Kumarapark, Parijatha",airnet,12.987662,77.581421,4,30.954
1168,"Kumarapark, Parijatha",airnet,12.987662,77.581421,4,27.922
1168,"Kumarapark, Parijatha",airnet,12.987662,77.581421,9,13.707
12066,Mitganahalli,airnet,13.106942,77.669808,5,113.548
12066,Mitganahalli,airnet,13.106942,77.669808,6,116.603
12066,Mitganahalli,airnet,13.106942,77.669808,8,110.806
12066,Mitganahalli,airnet,13.106942,77.669808,9,87.522
12066,Mitganahalli,airnet,13.106942,77.669808,11,44.897
12066,Mitganahalli,airnet,13.106942,77.669808,12,47.948
12066,Mitganahalli,airnet,13.106942,77.669808,12,44.597
12066,Mitganahalli,airnet,13.106942,77.669808,15,41.959
12066,Mitganahalli,airnet,13.106942,77.669808,16,41.695
12066,Mitganahalli,airnet,13.106942,77.669808,17,41.732
12066,Mitganahalli,airnet,13.106942,77.669808,17,50.973
12066,Mitganahalli,airnet,13.106942,77.669808,18,55.197
12066,Mitganahalli,airnet,13.106942,77.669808,21,53.645
12066,Mitganahalli,airnet,13.106942,77.669808,22,50.336
12066,Mitganahalli,airnet,13.106942,77.669808,23,49.656
12066,Mitganahalli,airnet,13.106942,77.669808,1,57.855
12066,Mitganahalli,airnet,13.106942,77.669808,2,62.314
12066,Mitganahalli,airnet,13.106942,77.669808,2,61.944
12066,Mitganahalli,airnet,13.106942,77.669808,3,62.604
12066,Mitganahalli,airnet,13.106942,77.669808,4,63.226
12066,Mitganahalli,airnet,13.106942,77.669808,5,63.012
12066,Mitganahalli,airnet,13.106942,77.669808,7,70.15
12066,Mitganahalli,airnet,13.106942,77.669808,7,80.848
12066,Mitganahalli,airnet,13.106942,77.669808,10,35.969
12066,Mitganahalli,airnet,13.106942,77.669808,11,58.551
12066,Mitganahalli,airnet,13.106942,77.669808,12,37.234
12066,Mitganahalli,airnet,13.106942,77.669808,13,36.484
12066,Mitganahalli,airnet,13.106942,77.669808,16,30.933
12066,Mitganahalli,airnet,13.106942,77.669808,16,33.529
12066,Mitganahalli,airnet,13.106942,77.669808,19,30.057
12066,Mitganahalli,airnet,13.106942,77.669808,20,31.534
12066,Mitganahalli,airnet,13.106942,77.669808,22,31.907
12066,Mitganahalli,airnet,13.106942,77.669808,0,36.695
12066,Mitganahalli,airnet,13.106942,77.669808,0,40.325
12066,Mitganahalli,airnet,13.106942,77.669808,2,49.441
12066,Mitganahalli,airnet,13.106942,77.669808,2,53.276
12066,Mitganahalli,airnet,13.106942,77.669808,4,60.508
12066,Mitganahalli,airnet,13.106942,77.669808,5,59.719
12066,Mitganahalli,airnet,13.106942,77.669808,7,67.472
12066,Mitganahalli,airnet,13.106942,77.669808,12,54.544
12066,Mitganahalli,airnet,13.106942,77.669808,13,52.639
12066,Mitganahalli,airnet,13.106942,77.669808,16,48.178
12066,Mitganahalli,airnet,13.106942,77.669808,18,48.608
12066,Mitganahalli,airnet,13.106942,77.669808,18,50.942
12066,Mitganahalli,airnet,13.106942,77.669808,19,57.415
12066,Mitganahalli,airnet,13.106942,77.669808,20,84.083
12066,Mitganahalli,airnet,13.106942,77.669808,21,72.771
12066,Mitganahalli,airnet,13.106942,77.669808,23,72.945
12066,Mitganahalli,airnet,13.106942,77.669808,23,85.896
12066,Mitganahalli,airnet,13.106942,77.669808,0,92.596
12066,Mitganahalli,airnet,13.106942,77.669808,1,88.486
12066,Mitganahalli,airnet,13.106942,77.669808,3,83.202
12066,Mitganahalli,airnet,13.106942,77.669808,5,92.059
12066,Mitganahalli,airnet,13.106942,77.669808,6,99.274
12066,Mitganahalli,airnet,13.106942,77.669808,7,99.091
12066,Mitganahalli,airnet,13.106942,77.669808,8,98.299
12066,Mitganahalli,airnet,13.106942,77.669808,10,68.415
12066,Mitganahalli,airnet,13.106942,77.669808,12,58.135
12066,Mitganahalli,airnet,13.106942,77.669808,14,52.275
12066,Mitganahalli,airnet,13.106942,77.669808,14,45.685
12066,Mitganahalli,airnet,13.106942,77.669808,15,46.689
12066,Mitganahalli,airnet,13.106942,77.669808,16,45.382
12066,Mitganahalli,airnet,13.106942,77.669808,21,84.498
12066,Mitganahalli,airnet,13.106942,77.669808,0,107.327
12066,Mitganahalli,airnet,13.106942,77.669808,1,117.024
12066,Mitganahalli,airnet,13.106942,77.669808,3,118.779
12066,Mitganahalli,airnet,13.106942,77.669808,4,118.545
12066,Mitganahalli,airnet,13.106942,77.669808,6,108.696
12066,Mitganahalli,airnet,13.106942,77.669808,9,86.951
12066,Mitganahalli,airnet,13.106942,77.669808,9,85.263
12066,Mitganahalli,airnet,13.106942,77.669808,11,60.827
12066,Mitganahalli,airnet,13.106942,77.669808,13,66.361
12066,Mitganahalli,airnet,13.106942,77.669808,15,51.293
12066,Mitganahalli,airnet,13.106942,77.669808,16,51.617
12066,Mitganahalli,airnet,13.106942,77.669808,20,51.168
12066,Mitganahalli,airnet,13.106942,77.669808,22,49.91
12066,Mitganahalli,airnet,13.106942,77.669808,22,42.154
12066,Mitganahalli,airnet,13.106942,77.669808,0,41.814
12066,Mitganahalli,airnet,13.106942,77.669808,3,41.269
12066,Mitganahalli,airnet,13.106942,77.669808,4,43.722
12066,Mitganahalli,airnet,13.106942,77.669808,7,65.789
12066,Mitganahalli,airnet,13.106942,77.669808,9,39.061
12066,Mitganahalli,airnet,13.106942,77.669808,9,36.415
12066,Mitganahalli,airnet,13.106942,77.669808,11,31.576
12066,Mitganahalli,airnet,13.106942,77.669808,14,32.065
12066,Mitganahalli,airnet,13.106942,77.669808,14,31.381
12066,Mitganahalli,airnet,13.106942,77.669808,15,27.613
12066,Mitganahalli,airnet,13.106942,77.669808,15,29.28
12066,Mitganahalli,airnet,13.106942,77.669808,21,33.943
12066,Mitganahalli,airnet,13.106942,77.669808,22,34.415
12066,Mitganahalli,airnet,13.106942,77.669808,0,44.014
12066,Mitganahalli,airnet,13.106942,77.669808,2,46.523
12066,Mitganahalli,airnet,13.106942,77.669808,2,47.458
12066,Mitganahalli,airnet,13.106942,77.669808,4,49.982
12066,Mitganahalli,airnet,13.106942,77.669808,5,49.936
12066,Mitganahalli,airnet,13.106942,77.669808,7,52.599
12097,CSTEP Test Bed,airnet,13.048451,77.579592,8,31.533
12097,CSTEP Test Bed,airnet,13.048451,77.579592,8,31.986
12097,CSTEP Test Bed,airnet,13.048451,77.579592,9,31.441
12097,CSTEP Test Bed,airnet,13.048451,77.579592,9,30.124
12097,CSTEP Test Bed,airnet,13.048451,77.579592,10,30.126
12097,CSTEP Test Bed,airnet,13.048451,77.579592,10,30.977
12097,CSTEP Test Bed,airnet,13.048451,77.579592,10,30.277
12097,CSTEP Test Bed,airnet,13.048451,77.579592,11,30.713
12097,CSTEP Test Bed,airnet,13.048451,77.579592,11,28.994
12097,CSTEP Test Bed,airnet,13.048451,77.579592,11,25.155
12097,CSTEP Test Bed,airnet,13.048451,77.579592,12,24.614
12097,CSTEP Test Bed,airnet,13.048451,77.579592,12,24.04
12097,CSTEP Test Bed,airnet,13.048451,77.579592,12,22.332
12097,CSTEP Test Bed,airnet,13.048451,77.579592,12,21.98
12097,CSTEP Test Bed,airnet,13.048451,77.579592,13,20.137
12097,CSTEP Test Bed,airnet,13.048451,77.579592,13,19.714
12097,CSTEP Test Bed,airnet,13.048451,77.579592,13,18.917
12097,CSTEP Test Bed,airnet,13.048451,77.579592,14,18.299
12097,CSTEP Test Bed,airnet,13.048451,77.579592,14,17.26
12097,CSTEP Test Bed,airnet,13.048451,77.579592,14,17.59
12097,CSTEP Test Bed,airnet,13.048451,77.579592,15,17.427
12097,CSTEP Test Bed,airnet,13.048451,77.579592,16,21.017
12097,CSTEP Test Bed,airnet,13.048451,77.579592,16,20.933
12097,CSTEP Test Bed,airnet,13.048451,77.579592,16,21.761
12097,CSTEP Test Bed,airnet,13.048451,77.579592,17,23.166
12097,CSTEP Test Bed,airnet,13.048451,77.579592,17,23.558
12097,CSTEP Test Bed,airnet,13.048451,77.579592,17,24.092
12097,CSTEP Test Bed,airnet,13.048451,77.579592,17,26.407
12097,CSTEP Test Bed,airnet,13.048451,77.579592,18,29.061
12097,CSTEP Test Bed,airnet,13.048451,77.579592,18,28.792
12097,CSTEP Test Bed,airnet,13.048451,77.579592,18,31.573
12097,CSTEP Test Bed,airnet,13.048451,77.579592,19,36.569
12097,CSTEP Test Bed,airnet,13.048451,77.579592,19,64.027
12097,CSTEP Test Bed,airnet,13.048451,77.579592,19,74.611
12097,CSTEP Test Bed,airnet,13.048451,77.579592,19,51.374
12097,CSTEP Test Bed,airnet,13.048451,77.579592,20,44.753
12097,CSTEP Test Bed,airnet,13.048451,77.579592,20,35.724
12097,CSTEP Test Bed,airnet,13.048451,77.579592,20,32.198
12097,CSTEP Test Bed,airnet,13.048451,77.579592,21,29.088
12097,CSTEP Test Bed,airnet,13.048451,77.579592,21,30.525
12097,CSTEP Test Bed,airnet,13.048451,77.579592,21,30.637
12097,CSTEP Test Bed,airnet,13.048451,77.579592,22,31.125
12097,CSTEP Test Bed,airnet,13.048451,77.579592,22,31.282
12097,CSTEP Test Bed,airnet,13.048451,77.579592,22,31.021
12097,CSTEP Test Bed,airnet,13.048451,77.579592,23,29.362
12097,CSTEP Test Bed,airnet,13.048451,77.579592,23,29.935
12097,CSTEP Test Bed,airnet,13.048451,77.579592,23,29.896
12097,CSTEP Test Bed,airnet,13.048451,77.579592,23,29.254
12097,CSTEP Test Bed,airnet,13.048451,77.579592,0,30.886
12097,CSTEP Test Bed,airnet,13.048451,77.579592,0,30.66
12097,CSTEP Test Bed,airnet,13.048451,77.579592,0,29.874
12097,CSTEP Test Bed,airnet,13.048451,77.579592,0,32.187
12097,CSTEP Test Bed,airnet,13.048451,77.579592,1,32.261
12097,CSTEP Test Bed,airnet,13.048451,77.579592,1,31.652
12097,CSTEP Test Bed,airnet,13.048451,77.579592,2,34.061
12097,CSTEP Test Bed,airnet,13.048451,77.579592,2,34.546
12097,CSTEP Test Bed,airnet,13.048451,77.579592,3,37.396
12097,CSTEP Test Bed,airnet,13.048451,77.579592,3,34.369
12097,CSTEP Test Bed,airnet,13.048451,77.579592,3,33.016
12097,CSTEP Test Bed,airnet,13.048451,77.579592,4,33.624
12097,CSTEP Test Bed,airnet,13.048451,77.579592,4,33.473
12097,CSTEP Test Bed,airnet,13.048451,77.579592,4,29.772
12097,CSTEP Test Bed,airnet,13.048451,77.579592,5,29.094
12097,CSTEP Test Bed,airnet,13.048451,77.579592,5,29.265
12097,CSTEP Test Bed,airnet,13.048451,77.579592,6,29.863
12097,CSTEP Test Bed,airnet,13.048451,77.579592,6,30.619
12097,CSTEP Test Bed,airnet,13.048451,77.579592,6,30.425
12097,CSTEP Test Bed,airnet,13.048451,77.579592,6,39.293
12097,CSTEP Test Bed,airnet,13.048451,77.579592,7,44.452
12097,CSTEP Test Bed,airnet,13.048451,77.579592,7,42.84
12097,CSTEP Test Bed,airnet,13.048451,77.579592,7,42.221
12097,CSTEP Test Bed,airnet,13.048451,77.579592,8,42.184
12097,CSTEP Test Bed,airnet,13.048451,77.579592,8,45.069
12097,CSTEP Test Bed,airnet,13.048451,77.579592,9,45.034
12097,CSTEP Test Bed,airnet,13.048451,77.579592,9,42.175
12097,CSTEP Test Bed,airnet,13.048451,77.579592,9,38.962
12097,CSTEP Test Bed,airnet,13.048451,77.579592,10,39.697
12097,CSTEP Test Bed,airnet,13.048451,77.579592,10,32.475
12097,CSTEP Test Bed,airnet,13.048451,77.579592,10,32.889
12097,CSTEP Test Bed,airnet,13.048451,77.579592,11,33.168
12097,CSTEP Test Bed,airnet,13.048451,77.579592,11,27.444
12097,CSTEP Test Bed,airnet,13.048451,77.579592,11,28.362
12097,CSTEP Test Bed,airnet,13.048451,77.579592,12,29.112
12097,CSTEP Test Bed,airnet,13.048451,77.579592,12,28.3
12097,CSTEP Test Bed,airnet,13.048451,77.579592,13,26.916
12097,CSTEP Test Bed,airnet,13.048451,77.579592,13,24.526
12097,CSTEP Test Bed,airnet,13.048451,77.579592,13,23.912
12097,CSTEP Test Bed,airnet,13.048451,77.579592,13,23.027
12097,CSTEP Test Bed,airnet,13.048451,77.579592,14,22.38
12097,CSTEP Test Bed,airnet,13.048451,77.579592,14,22.843
12097,CSTEP Test Bed,airnet,13.048451,77.579592,14,22.576
12097,CSTEP Test Bed,airnet,13.048451,77.579592,15,23.793
12097,CSTEP Test Bed,airnet,13.048451,77.579592,15,24.157
12097,CSTEP Test Bed,airnet,13.048451,77.579592,15,24.193
12097,CSTEP Test Bed,airnet,13.048451,77.579592,16,24.194
12097,CSTEP Test Bed,airnet,13.048451,77.579592,16,25.012
12100,CSTEP Test Bed,airnet,13.048451,77.579592,7,23.641
12100,CSTEP Test Bed,airnet,13.048451,77.579592,7,20.854
12100,CSTEP Test Bed,airnet,13.048451,77.579592,7,21.483
12100,CSTEP Test Bed,airnet,13.048451,77.579592,8,24.131
12100,CSTEP Test Bed,airnet,13.048451,77.579592,9,26.465
12100,CSTEP Test Bed,airnet,13.048451,77.579592,9,25.788
12100,CSTEP Test Bed,airnet,13.048451,77.579592,9,24.651
12100,CSTEP Test Bed,airnet,13.048451,77.579592,10,23.766
12100,CSTEP Test Bed,airnet,13.048451,77.579592,10,22.9
12100,CSTEP Test Bed,airnet,13.048451,77.579592,10,23.931
12100,CSTEP Test Bed,airnet,13.048451,77.579592,10,24.094
12100,CSTEP Test Bed,airnet,13.048451,77.579592,11,23.587
12100,CSTEP Test Bed,airnet,13.048451,77.579592,11,21.041
12100,CSTEP Test Bed,airnet,13.048451,77.579592,11,20.823
12100,CSTEP Test Bed,airnet,13.048451,77.579592,12,19.445
12100,CSTEP Test Bed,airnet,13.048451,77.579592,12,20.17
12100,CSTEP Test Bed,airnet,13.048451,77.579592,12,19.652
12100,CSTEP Test Bed,airnet,13.048451,77.579592,12,17.689
12100,CSTEP Test Bed,airnet,13.048451,77.579592,13,17.057
12100,CSTEP Test Bed,airnet,13.048451,77.579592,13,17.016
12100,CSTEP Test Bed,airnet,13.048451,77.579592,13,16.241
12100,CSTEP Test Bed,airnet,13.048451,77.579592,14,16.279
12100,CSTEP Test Bed,airnet,13.048451,77.579592,14,15.956
12100,CSTEP Test Bed,airnet,13.048451,77.579592,14,16.361
12100,CSTEP Test Bed,airnet,13.048451,77.579592,15,16.839
12100,CSTEP Test Bed,airnet,13.048451,77.579592,15,18.782
12100,CSTEP Test Bed,airnet,13.048451,77.579592,16,19.263
12100,CSTEP Test Bed,airnet,13.048451,77.579592,16,19.502
12100,CSTEP Test Bed,airnet,13.048451,77.579592,16,19.757
12100,CSTEP Test Bed,airnet,13.048451,77.579592,17,20.417
12100,CSTEP Test Bed,airnet,13.048451,77.579592,17,20.892
12100,CSTEP Test Bed,airnet,13.048451,77.579592,17,22.14
12100,CSTEP Test Bed,airnet,13.048451,77.579592,18,25.488
12100,CSTEP Test Bed,airnet,13.048451,77.579592,18,26.666
12100,CSTEP Test Bed,airnet,13.048451,77.579592,18,27.059
12100,CSTEP Test Bed,airnet,13.048451,77.579592,18,23.816
12100,CSTEP Test Bed,airnet,13.048451,77.579592,19,30.073
12100,CSTEP Test Bed,airnet,13.048451,77.579592,19,111.255
12100,CSTEP Test Bed,airnet,13.048451,77.579592,19,61.911
12100,CSTEP Test Bed,airnet,13.048451,77.579592,20,38.512
12100,CSTEP Test Bed,airnet,13.048451,77.579592,20,30.964
12100,CSTEP Test Bed,airnet,13.048451,77.579592,20,29.346
12100,CSTEP Test Bed,airnet,13.048451,77.579592,21,27.161
12100,CSTEP Test Bed,airnet,13.048451,77.579592,21,27.712
12100,CSTEP Test Bed,airnet,13.048451,77.579592,21,27.692
12100,CSTEP Test Bed,airnet,13.048451,77.579592,22,25.62
12100,CSTEP Test Bed,airnet,13.048451,77.579592,23,23.368
12100,CSTEP Test Bed,airnet,13.048451,77.579592,23,23.158
12100,CSTEP Test Bed,airnet,13.048451,77.579592,23,22.783
12100,CSTEP Test Bed,airnet,13.048451,77.579592,23,23.62
12100,CSTEP Test Bed,airnet,13.048451,77.579592,0,24.537
12100,CSTEP Test Bed,airnet,13.048451,77.579592,0,24.653
12100,CSTEP Test Bed,airnet,13.048451,77.579592,0,24.861
12100,CSTEP Test Bed,airnet,13.048451,77.579592,0,27.18
12100,CSTEP Test Bed,airnet,13.048451,77.579592,1,31.817
12100,CSTEP Test Bed,airnet,13.048451,77.579592,1,31.741
12100,CSTEP Test Bed,airnet,13.048451,77.579592,2,32.182
12100,CSTEP Test Bed,airnet,13.048451,77.579592,2,33.706
12100,CSTEP Test Bed,airnet,13.048451,77.579592,3,32.741
12100,CSTEP Test Bed,airnet,13.048451,77.579592,3,30.605
12100,CSTEP Test Bed,airnet,13.048451,77.579592,4,31.859
12100,CSTEP Test Bed,airnet,13.048451,77.579592,4,32.273
12100,CSTEP Test Bed,airnet,13.048451,77.579592,4,33.12
12100,CSTEP Test Bed,airnet,13.048451,77.579592,5,32.235
12100,CSTEP Test Bed,airnet,13.048451,77.579592,5,32.202
12100,CSTEP Test Bed,airnet,13.048451,77.579592,6,35.394
12100,CSTEP Test Bed,airnet,13.048451,77.579592,6,36.945
12100,CSTEP Test Bed,airnet,13.048451,77.579592,7,48.694
12100,CSTEP Test Bed,airnet,13.048451,77.579592,7,44.602
12100,CSTEP Test Bed,airnet,13.048451,77.579592,7,46.577
12100,CSTEP Test Bed,airnet,13.048451,77.579592,7,48.031
12100,CSTEP Test Bed,airnet,13.048451,77.579592,8,47.445
12100,CSTEP Test Bed,airnet,13.048451,77.579592,8,45.336
12100,CSTEP Test Bed,airnet,13.048451,77.579592,8,48.876
12100,CSTEP Test Bed,airnet,13.048451,77.579592,8,50.638
12100,CSTEP Test Bed,airnet,13.048451,77.579592,9,46.291
12100,CSTEP Test Bed,airnet,13.048451,77.579592,9,41.77
12100,CSTEP Test Bed,airnet,13.048451,77.579592,9,39.409
12100,CSTEP Test Bed,airnet,13.048451,77.579592,10,36.936
12100,CSTEP Test Bed,airnet,13.048451,77.579592,11,30.442
12100,CSTEP Test Bed,airnet,13.048451,77.579592,11,28.56
12100,CSTEP Test Bed,airnet,13.048451,77.579592,11,27.472
12100,CSTEP Test Bed,airnet,13.048451,77.579592,11,28.279
12100,CSTEP Test Bed,airnet,13.048451,77.579592,12,27.785
12100,CSTEP Test Bed,airnet,13.048451,77.579592,12,28.32
12100,CSTEP Test Bed,airnet,13.048451,77.579592,12,28.242
12100,CSTEP Test Bed,airnet,13.048451,77.579592,13,27.009
12100,CSTEP Test Bed,airnet,13.048451,77.579592,13,24.182
12100,CSTEP Test Bed,airnet,13.048451,77.579592,13,23.845
12100,CSTEP Test Bed,airnet,13.048451,77.579592,14,23.377
12100,CSTEP Test Bed,airnet,13.048451,77.579592,14,23.692
12100,CSTEP Test Bed,airnet,13.048451,77.579592,15,24.355
12100,CSTEP Test Bed,airnet,13.048451,77.579592,15,24.044
12100,CSTEP Test Bed,airnet,13.048451,77.579592,15,24.477
12100,CSTEP Test Bed,airnet,13.048451,77.579592,16,24.146
12100,CSTEP Test Bed,airnet,13.048451,77.579592,16,24.6
12104,CSTEP Test Bed,airnet,13.048451,77.579592,4,12.478
12104,CSTEP Test Bed,airnet,13.048451,77.579592,4,12.86
12104,CSTEP Test Bed,airnet,13.048451,77.579592,4,12.252
12104,CSTEP Test Bed,airnet,13.048451,77.579592,5,10.428
12104,CSTEP Test Bed,airnet,13.048451,77.579592,5,9.956
12104,CSTEP Test Bed,airnet,13.048451,77.579592,5,10.73
12104,CSTEP Test Bed,airnet,13.048451,77.579592,5,11.378
12104,CSTEP Test Bed,airnet,13.048451,77.579592,6,13.213
12104,CSTEP Test Bed,airnet,13.048451,77.579592,7,15.739
12104,CSTEP Test Bed,airnet,13.048451,77.579592,8,17.081
12104,CSTEP Test Bed,airnet,13.048451,77.579592,8,16.939
12104,CSTEP Test Bed,airnet,13.048451,77.579592,8,15.317
12104,CSTEP Test Bed,airnet,13.048451,77.579592,9,15.568
12104,CSTEP Test Bed,airnet,13.048451,77.579592,9,13.956
12104,CSTEP Test Bed,airnet,13.048451,77.579592,9,14.225
12104,CSTEP Test Bed,airnet,13.048451,77.579592,10,14.582
12104,CSTEP Test Bed,airnet,13.048451,77.579592,10,14.525
12104,CSTEP Test Bed,airnet,13.048451,77.579592,10,15.484
12104,CSTEP Test Bed,airnet,13.048451,77.579592,10,15.331
12104,CSTEP Test Bed,airnet,13.048451,77.579592,11,15.477
12104,CSTEP Test Bed,airnet,13.048451,77.579592,11,14.136
12104,CSTEP Test Bed,airnet,13.048451,77.579592,12,13.746
12104,CSTEP Test Bed,airnet,13.048451,77.579592,12,14.213
12104,CSTEP Test Bed,airnet,13.048451,77.579592,12,13.817
12104,CSTEP Test Bed,airnet,13.048451,77.579592,12,13.049
12104,CSTEP Test Bed,airnet,13.048451,77.579592,13,12.382
12104,CSTEP Test Bed,airnet,13.048451,77.579592,13,12.278
12104,CSTEP Test Bed,airnet,13.048451,77.579592,13,12.333
12104,CSTEP Test Bed,airnet,13.048451,77.579592,14,12.318
12104,CSTEP Test Bed,airnet,13.048451,77.579592,14,12.443
12104,CSTEP Test Bed,airnet,13.048451,77.579592,15,13.513
12104,CSTEP Test Bed,airnet,13.048451,77.579592,15,16.106
12104,CSTEP Test Bed,airnet,13.048451,77.579592,16,15.381
12104,CSTEP Test Bed,airnet,13.048451,77.579592,16,15.703
12104,CSTEP Test Bed,airnet,13.048451,77.579592,17,16.492
12104,CSTEP Test Bed,airnet,13.048451,77.579592,17,16.762
12104,CSTEP Test Bed,airnet,13.048451,77.579592,18,19.894
12104,CSTEP Test Bed,airnet,13.048451,77.579592,18,19.652
12104,CSTEP Test Bed,airnet,13.048451,77.579592,18,20.863
12104,CSTEP Test Bed,airnet,13.048451,77.579592,18,18.284
12104,CSTEP Test Bed,airnet,13.048451,77.579592,19,52.471
12104,CSTEP Test Bed,airnet,13.048451,77.579592,20,37.207
12104,CSTEP Test Bed,airnet,13.048451,77.579592,20,19.884
12104,CSTEP Test Bed,airnet,13.048451,77.579592,20,19.17
12104,CSTEP Test Bed,airnet,13.048451,77.579592,21,17.246
12104,CSTEP Test Bed,airnet,13.048451,77.579592,21,18.566
12104,CSTEP Test Bed,airnet,13.048451,77.579592,21,18.443
12104,CSTEP Test Bed,airnet,13.048451,77.579592,21,18.257
12104,CSTEP Test Bed,airnet,13.048451,77.579592,22,18.777
12104,CSTEP Test Bed,airnet,13.048451,77.579592,22,17.749
12104,CSTEP Test Bed,airnet,13.048451,77.579592,22,16.421
12104,CSTEP Test Bed,airnet,13.048451,77.579592,23,16.535
12104,CSTEP Test Bed,airnet,13.048451,77.579592,23,17.186
12104,CSTEP Test Bed,airnet,13.048451,77.579592,0,18.514
12104,CSTEP Test Bed,airnet,13.048451,77.579592,0,18.627
12104,CSTEP Test Bed,airnet,13.048451,77.579592,0,18.591
12104,CSTEP Test Bed,airnet,13.048451,77.579592,0,20.868
12104,CSTEP Test Bed,airnet,13.048451,77.579592,1,20.905
12104,CSTEP Test Bed,airnet,13.048451,77.579592,1,24.316
12104,CSTEP Test Bed,airnet,13.048451,77.579592,1,23.684
12104,CSTEP Test Bed,airnet,13.048451,77.579592,2,25.23
12104,CSTEP Test Bed,airnet,13.048451,77.579592,3,31.042
12104,CSTEP Test Bed,airnet,13.048451,77.579592,3,26.271
12104,CSTEP Test Bed,airnet,13.048451,77.579592,3,25.054
12104,CSTEP Test Bed,airnet,13.048451,77.579592,4,25.317
12104,CSTEP Test Bed,airnet,13.048451,77.579592,4,23.757
12104,CSTEP Test Bed,airnet,13.048451,77.579592,4,24.712
12104,CSTEP Test Bed,airnet,13.048451,77.579592,5,24.35
12104,CSTEP Test Bed,airnet,13.048451,77.579592,5,24.629
12104,CSTEP Test Bed,airnet,13.048451,77.579592,5,24.752
12104,CSTEP Test Bed,airnet,13.048451,77.579592,5,25.147
12104,CSTEP Test Bed,airnet,13.048451,77.579592,6,26.907
12104,CSTEP Test Bed,airnet,13.048451,77.579592,7,41.601
12104,CSTEP Test Bed,airnet,13.048451,77.579592,7,34.319
12104,CSTEP Test Bed,airnet,13.048451,77.579592,7,32.585
12104,CSTEP Test Bed,airnet,13.048451,77.579592,8,29.753
12104,CSTEP Test Bed,airnet,13.048451,77.579592,8,33.564
12104,CSTEP Test Bed,airnet,13.048451,77.579592,8,35.619
12104,CSTEP Test Bed,airnet,13.048451,77.579592,9,31.823
12104,CSTEP Test Bed,airnet,13.048451,77.579592,10,22.342
12104,CSTEP Test Bed,airnet,13.048451,77.579592,10,19.333
12104,CSTEP Test Bed,airnet,13.048451,77.579592,11,19.082
12104,CSTEP Test Bed,airnet,13.048451,77.579592,11,18.507
12104,CSTEP Test Bed,airnet,13.048451,77.579592,11,17.449
12104,CSTEP Test Bed,airnet,13.048451,77.579592,11,18.389
12104,CSTEP Test Bed,airnet,13.048451,77.579592,12,18.391
12104,CSTEP Test Bed,airnet,13.048451,77.579592,12,18.27
12104,CSTEP Test Bed,airnet,13.048451,77.579592,13,17.798
12104,CSTEP Test Bed,airnet,13.048451,77.579592,13,16.746
12104,CSTEP Test Bed,airnet,13.048451,77.579592,14,16.711
12104,CSTEP Test Bed,airnet,13.048451,77.579592,15,18.216
12104,CSTEP Test Bed,airnet,13.048451,77.579592,15,18.122
12104,CSTEP Test Bed,airnet,13.048451,77.579592,15,18.559
12104,CSTEP Test Bed,airnet,13.048451,77.579592,16,18.844
12104,CSTEP Test Bed,airnet,13.048451,77.579592,16,19.002
12104,CSTEP Test Bed,airnet,13.048451,77.579592,16,19.459
2135,Veeranapalya,airnet,13.039787,77.611448,4,2.289
2135,Veeranapalya,airnet,13.039787,77.611448,6,16.2
2135,Veeranapalya,airnet,13.039787,77.611448,6,18.98
2135,Veeranapalya,airnet,13.039787,77.611448,6,7.915
2135,Veeranapalya,airnet,13.039787,77.611448,7,10.87
2135,Veeranapalya,airnet,13.039787,77.611448,7,4.009
2135,Veeranapalya,airnet,13.039787,77.611448,8,6.072
2135,Veeranapalya,airnet,13.039787,77.611448,8,6.047
2135,Veeranapalya,airnet,13.039787,77.611448,18,2.309
2135,Veeranapalya,airnet,13.039787,77.611448,19,2.36
2135,Veeranapalya,airnet,13.039787,77.611448,19,2.346
2135,Veeranapalya,airnet,13.039787,77.611448,20,4.613
2135,Veeranapalya,airnet,13.039787,77.611448,22,11.021
2135,Veeranapalya,airnet,13.039787,77.611448,23,9.623
2135,Veeranapalya,airnet,13.039787,77.611448,0,11.49
2135,Veeranapalya,airnet,13.039787,77.611448,0,12.073
2135,Veeranapalya,airnet,13.039787,77.611448,1,10.324
2135,Veeranapalya,airnet,13.039787,77.611448,1,4.819
2135,Veeranapalya,airnet,13.039787,77.611448,5,10.288
2135,Veeranapalya,airnet,13.039787,77.611448,5,2.475
2135,Veeranapalya,airnet,13.039787,77.611448,7,3.842
2135,Veeranapalya,airnet,13.039787,77.611448,10,3.803
2135,Veeranapalya,airnet,13.039787,77.611448,11,4.138
2135,Veeranapalya,airnet,13.039787,77.611448,12,10.282
2135,Veeranapalya,airnet,13.039787,77.611448,13,3.54
2135,Veeranapalya,airnet,13.039787,77.611448,14,3.276
2135,Veeranapalya,airnet,13.039787,77.611448,14,4.094
2135,Veeranapalya,airnet,13.039787,77.611448,15,3.986
2135,Veeranapalya,airnet,13.039787,77.611448,15,5.029
2135,Veeranapalya,airnet,13.039787,77.611448,16,6.687
2135,Veeranapalya,airnet,13.039787,77.611448,17,7.016
2135,Veeranapalya,airnet,13.039787,77.611448,18,15.032
2135,Veeranapalya,airnet,13.039787,77.611448,18,13.655
2135,Veeranapalya,airnet,13.039787,77.611448,19,16.034
2135,Veeranapalya,airnet,13.039787,77.611448,19,14.833
2135,Veeranapalya,airnet,13.039787,77.611448,20,15.724
2135,Veeranapalya,airnet,13.039787,77.611448,20,17.516
2135,Veeranapalya,airnet,13.039787,77.611448,20,14.762
2135,Veeranapalya,airnet,13.039787,77.611448,21,21.316
2135,Veeranapalya,airnet,13.039787,77.611448,22,13.52
2135,Veeranapalya,airnet,13.039787,77.611448,23,10.457
2135,Veeranapalya,airnet,13.039787,77.611448,23,10.661
2135,Veeranapalya,airnet,13.039787,77.611448,1,14.219
2135,Veeranapalya,airnet,13.039787,77.611448,1,13.712
2135,Veeranapalya,airnet,13.039787,77.611448,1,13.735
2135,Veeranapalya,airnet,13.039787,77.611448,1,14.669
2135,Veeranapalya,airnet,13.039787,77.611448,2,14.75
2135,Veeranapalya,airnet,13.039787,77.611448,2,15.087
2135,Veeranapalya,airnet,13.039787,77.611448,2,14.649
2135,Veeranapalya,airnet,13.039787,77.611448,4,12.446
2135,Veeranapalya,airnet,13.039787,77.611448,4,12.148
2135,Veeranapalya,airnet,13.039787,77.611448,5,17.31
2135,Veeranapalya,airnet,13.039787,77.611448,5,19.071
2135,Veeranapalya,airnet,13.039787,77.611448,6,17.507
2135,Veeranapalya,airnet,13.039787,77.611448,6,17.889
2135,Veeranapalya,airnet,13.039787,77.611448,7,18.997
2135,Veeranapalya,airnet,13.039787,77.611448,8,19.71
2135,Veeranapalya,airnet,13.039787,77.611448,8,19.551
2135,Veeranapalya,airnet,13.039787,77.611448,8,21.062
2135,Veeranapalya,airnet,13.039787,77.611448,9,24.18
2135,Veeranapalya,airnet,13.039787,77.611448,9,22.219
2135,Veeranapalya,airnet,13.039787,77.611448,10,19.455
2135,Veeranapalya,airnet,13.039787,77.611448,10,17.53
2135,Veeranapalya,airnet,13.039787,77.611448,11,19.41
2135,Veeranapalya,airnet,13.039787,77.611448,11,16.577
2135,Veeranapalya,airnet,13.039787,77.611448,12,16.751
2135,Veeranapalya,airnet,13.039787,77.611448,13,19.012
2135,Veeranapalya,airnet,13.039787,77.611448,13,12.286
2135,Veeranapalya,airnet,13.039787,77.611448,14,11.68
2135,Veeranapalya,airnet,13.039787,77.611448,14,12.812
2137,CSTEP Test Bed,airnet,13.048451,77.579592,16,32.717
2137,CSTEP Test Bed,airnet,13.048451,77.579592,16,34.489
2137,CSTEP Test Bed,airnet,13.048451,77.579592,17,35.739
2137,CSTEP Test Bed,airnet,13.048451,77.579592,18,36.387
2137,CSTEP Test Bed,airnet,13.048451,77.579592,18,34.102
2137,CSTEP Test Bed,airnet,13.048451,77.579592,19,41.295
2137,CSTEP Test Bed,airnet,13.048451,77.579592,21,35.733
2137,CSTEP Test Bed,airnet,13.048451,77.579592,22,34.384
2137,CSTEP Test Bed,airnet,13.048451,77.579592,23,59.316
2137,CSTEP Test Bed,airnet,13.048451,77.579592,23,60.488
2137,CSTEP Test Bed,airnet,13.048451,77.579592,23,36.152
2137,CSTEP Test Bed,airnet,13.048451,77.579592,0,28.166
2137,CSTEP Test Bed,airnet,13.048451,77.579592,0,27.798
2137,CSTEP Test Bed,airnet,13.048451,77.579592,1,26.176
2137,CSTEP Test Bed,airnet,13.048451,77.579592,1,25.922
2137,CSTEP Test Bed,airnet,13.048451,77.579592,2,27.204
2137,CSTEP Test Bed,airnet,13.048451,77.579592,3,35.957
2137,CSTEP Test Bed,airnet,13.048451,77.579592,5,35.903
2137,CSTEP Test Bed,airnet,13.048451,77.579592,6,33.171
2137,CSTEP Test Bed,airnet,13.048451,77.579592,6,35.766
2137,CSTEP Test Bed,airnet,13.048451,77.579592,6,36.176
2137,CSTEP Test Bed,airnet,13.048451,77.579592,8,30.091
2137,CSTEP Test Bed,airnet,13.048451,77.579592,8,23.872
2137,CSTEP Test Bed,airnet,13.048451,77.579592,10,18.52
2137,CSTEP Test Bed,airnet,13.048451,77.579592,11,20.704
2137,CSTEP Test Bed,airnet,13.048451,77.579592,11,20.687
2137,CSTEP Test Bed,airnet,13.048451,77.579592,12,22.088
2137,CSTEP Test Bed,airnet,13.048451,77.579592,12,22.051
2137,CSTEP Test Bed,airnet,13.048451,77.579592,13,20.657
2137,CSTEP Test Bed,airnet,13.048451,77.579592,13,22.953
2137,CSTEP Test Bed,airnet,13.048451,77.579592,14,23.505
2137,CSTEP Test Bed,airnet,13.048451,77.579592,14,22.702
2137,CSTEP Test Bed,airnet,13.048451,77.579592,15,25.149
2137,CSTEP Test Bed,airnet,13.048451,77.579592,15,31.752
2137,CSTEP Test Bed,airnet,13.048451,77.579592,16,32.522
2137,CSTEP Test Bed,airnet,13.048451,77.579592,17,33.023
2137,CSTEP Test Bed,airnet,13.048451,77.579592,18,34.344
2137,CSTEP Test Bed,airnet,13.048451,77.579592,18,34.762
2137,CSTEP Test Bed,airnet,13.048451,77.579592,19,43.986
2137,CSTEP Test Bed,airnet,13.048451,77.579592,20,47.518
2137,CSTEP Test Bed,airnet,13.048451,77.579592,20,46.792
2137,CSTEP Test Bed,airnet,13.048451,77.579592,21,48.408
2137,CSTEP Test Bed,airnet,13.048451,77.579592,22,44.037
2137,CSTEP Test Bed,airnet,13.048451,77.579592,22,43.249
2137,CSTEP Test Bed,airnet,13.048451,77.579592,23,30.977
2137,CSTEP Test Bed,airnet,13.048451,77.579592,23,29.793
2137,CSTEP Test Bed,airnet,13.048451,77.579592,0,29.278
2137,CSTEP Test Bed,airnet,13.048451,77.579592,1,29.8
2137,CSTEP Test Bed,airnet,13.048451,77.579592,2,27.587
2137,CSTEP Test Bed,airnet,13.048451,77.579592,4,23.842
2137,CSTEP Test Bed,airnet,13.048451,77.579592,5,25.299
2137,CSTEP Test Bed,airnet,13.048451,77.579592,6,25.979
2137,CSTEP Test Bed,airnet,13.048451,77.579592,8,35.922
2137,CSTEP Test Bed,airnet,13.048451,77.579592,9,40.07
2137,CSTEP Test Bed,airnet,13.048451,77.579592,9,38.99
2137,CSTEP Test Bed,airnet,13.048451,77.579592,10,39.863
2137,CSTEP Test Bed,airnet,13.048451,77.579592,11,34.779
2137,CSTEP Test Bed,airnet,13.048451,77.579592,11,33.731
2137,CSTEP Test Bed,airnet,13.048451,77.579592,12,37.418
2137,CSTEP Test Bed,airnet,13.048451,77.579592,14,26.2
2137,CSTEP Test Bed,airnet,13.048451,77.579592,14,25.255
2137,CSTEP Test Bed,airnet,13.048451,77.579592,15,24.23
2137,CSTEP Test Bed,airnet,13.048451,77.579592,15,24.451
2140,"Asha Township, Kothnur",airnet,13.062948,77.672983,19,6.941
2140,"Asha Township, Kothnur",airnet,13.062948,77.672983,22,5.287
2140,"Asha Township, Kothnur",airnet,13.062948,77.672983,22,10.192
2140,"Asha Township, Kothnur",airnet,13.062948,77.672983,22,10.346
2140,"Asha Township, Kothnur",airnet,13.062948,77.672983,0,11.776
2140,"Asha Township, Kothnur",airnet,13.062948,77.672983,4,4.156
2140,"Asha Township, Kothnur",airnet,13.062948,77.672983,4,4.673
2140,"Asha Township, Kothnur",airnet,13.062948,77.672983,4,7.516
2140,"Asha Township, Kothnur",airnet,13.062948,77.672983,6,21.492
2140,"Asha Township, Kothnur",airnet,13.062948,77.672983,7,16.179
2140,"Asha Township, Kothnur",airnet,13.062948,77.672983,8,7.136
2140,"Asha Township, Kothnur",airnet,13.062948,77.672983,9,3.895
2140,"Asha Township, Kothnur",airnet,13.062948,77.672983,20,3.465
2140,"Asha Township, Kothnur",airnet,13.062948,77.672983,20,5.742
2140,"Asha Township, Kothnur",airnet,13.062948,77.672983,20,2.979
2140,"Asha Township, Kothnur",airnet,13.062948,77.672983,21,3.521
2140,"Asha Township, Kothnur",airnet,13.062948,77.672983,21,3.373
2140,"Asha Township, Kothnur",airnet,13.062948,77.672983,22,9.298
2140,"Asha Township, Kothnur",airnet,13.062948,77.672983,22,11.916
2140,"Asha Township, Kothnur",airnet,13.062948,77.672983,0,19.032
2140,"Asha Township, Kothnur",airnet,13.062948,77.672983,1,15.397
2140,"Asha Township, Kothnur",airnet,13.062948,77.672983,1,11.236
2140,"Asha Township, Kothnur",airnet,13.062948,77.672983,6,8.688
2140,"Asha Township, Kothnur",airnet,13.062948,77.672983,11,4.379
2140,"Asha Township, Kothnur",airnet,13.062948,77.672983,13,3.529
2140,"Asha Township, Kothnur",airnet,13.062948,77.672983,13,3.696
2140,"Asha Township, Kothnur",airnet,13.062948,77.672983,14,3.265
2140,"Asha Township, Kothnur",airnet,13.062948,77.672983,15,5.059
2140,"Asha Township, Kothnur",airnet,13.062948,77.672983,15,5.76
2140,"Asha Township, Kothnur",airnet,13.062948,77.672983,15,6.26
2140,"Asha Township, Kothnur",airnet,13.062948,77.672983,16,7.939
2140,"Asha Township, Kothnur",airnet,13.062948,77.672983,16,9.185
2140,"Asha Township, Kothnur",airnet,13.062948,77.672983,18,22.047
2140,"Asha Township, Kothnur",airnet,13.062948,77.672983,19,11.443
2140,"Asha Township, Kothnur",airnet,13.062948,77.672983,20,13.129
2140,"Asha Township, Kothnur",airnet,13.062948,77.672983,20,11.902
2140,"Asha Township, Kothnur",airnet,13.062948,77.672983,21,14.122
2140,"Asha Township, Kothnur",airnet,13.062948,77.672983,21,17.463
2140,"Asha Township, Kothnur",airnet,13.062948,77.672983,22,12.871
2140,"Asha Township, Kothnur",airnet,13.062948,77.672983,22,15.552
2140,"Asha Township, Kothnur",airnet,13.062948,77.672983,1,23.031
2140,"Asha Township, Kothnur",airnet,13.062948,77.672983,1,21.676
2140,"Asha Township, Kothnur",airnet,13.062948,77.672983,1,21.601
2140,"Asha Township, Kothnur",airnet,13.062948,77.672983,2,21.855
2140,"Asha Township, Kothnur",airnet,13.062948,77.672983,2,24.538
2140,"Asha Township, Kothnur",airnet,13.062948,77.672983,3,24.257
2140,"Asha Township, Kothnur",airnet,13.062948,77.672983,5,25.7
2140,"Asha Township, Kothnur",airnet,13.062948,77.672983,5,26.582
2140,"Asha Township, Kothnur",airnet,13.062948,77.672983,6,28.218
2140,"Asha Township, Kothnur",airnet,13.062948,77.672983,6,28.386
2140,"Asha Township, Kothnur",airnet,13.062948,77.672983,6,30.884
2140,"Asha Township, Kothnur",airnet,13.062948,77.672983,7,31.956
2140,"Asha Township, Kothnur",airnet,13.062948,77.672983,8,28.741
2140,"Asha Township, Kothnur",airnet,13.062948,77.672983,8,30.635
2140,"Asha Township, Kothnur",airnet,13.062948,77.672983,10,25.26
2140,"Asha Township, Kothnur",airnet,13.062948,77.672983,11,22.967
2140,"Asha Township, Kothnur",airnet,13.062948,77.672983,11,21.555
2140,"Asha Township, Kothnur",airnet,13.062948,77.672983,12,21.58
2140,"Asha Township, Kothnur",airnet,13.062948,77.672983,13,20.793
2140,"Asha Township, Kothnur",airnet,13.062948,77.672983,13,14.47
2140,"Asha Township, Kothnur",airnet,13.062948,77.672983,14,16.417
2140,"Asha Township, Kothnur",airnet,13.062948,77.672983,15,14.791
2140,"Asha Township, Kothnur",airnet,13.062948,77.672983,16,18.036
2142,JP Nagar 2nd phase,airnet,12.91225,77.58696,8,16.548
2142,JP Nagar 2nd phase,airnet,12.91225,77.58696,8,17.792
2142,JP Nagar 2nd phase,airnet,12.91225,77.58696,9,19.275
2142,JP Nagar 2nd phase,airnet,12.91225,77.58696,10,22.237
2142,JP Nagar 2nd phase,airnet,12.91225,77.58696,10,21.661
2142,JP Nagar 2nd phase,airnet,12.91225,77.58696,11,18.776
2142,JP Nagar 2nd phase,airnet,12.91225,77.58696,12,20.809
2142,JP Nagar 2nd phase,airnet,12.91225,77.58696,13,10.637
2142,JP Nagar 2nd phase,airnet,12.91225,77.58696,13,6.925
2142,JP Nagar 2nd phase,airnet,12.91225,77.58696,15,12.338
2142,JP Nagar 2nd phase,airnet,12.91225,77.58696,16,14.768
2142,JP Nagar 2nd phase,airnet,12.91225,77.58696,16,15.673
2142,JP Nagar 2nd phase,airnet,12.91225,77.58696,18,12.759
2142,JP Nagar 2nd phase,airnet,12.91225,77.58696,18,10.464
2142,JP Nagar 2nd phase,airnet,12.91225,77.58696,19,11.727
2142,JP Nagar 2nd phase,airnet,12.91225,77.58696,19,18.242
2142,JP Nagar 2nd phase,airnet,12.91225,77.58696,20,8.914
2142,JP Nagar 2nd phase,airnet,12.91225,77.58696,21,12.653
2142,JP Nagar 2nd phase,airnet,12.91225,77.58696,21,11.051
2142,JP Nagar 2nd phase,airnet,12.91225,77.58696,21,9.124
2142,JP Nagar 2nd phase,airnet,12.91225,77.58696,22,9.083
2142,JP Nagar 2nd phase,airnet,12.91225,77.58696,23,9.03
2142,JP Nagar 2nd phase,airnet,12.91225,77.58696,23,10.495
2142,JP Nagar 2nd phase,airnet,12.91225,77.58696,0,5.807
2142,JP Nagar 2nd phase,airnet,12.91225,77.58696,0,6.906
2142,JP Nagar 2nd phase,airnet,12.91225,77.58696,1,7.939
2142,JP Nagar 2nd phase,airnet,12.91225,77.58696,1,7.874
2142,JP Nagar 2nd phase,airnet,12.91225,77.58696,2,8.038
2142,JP Nagar 2nd phase,airnet,12.91225,77.58696,2,7.797
2142,JP Nagar 2nd phase,airnet,12.91225,77.58696,3,7.892
2142,JP Nagar 2nd phase,airnet,12.91225,77.58696,4,8.233
2142,JP Nagar 2nd phase,airnet,12.91225,77.58696,5,8.829
2142,JP Nagar 2nd phase,airnet,12.91225,77.58696,6,10.776
2142,JP Nagar 2nd phase,airnet,12.91225,77.58696,6,11.731
2142,JP Nagar 2nd phase,airnet,12.91225,77.58696,6,11.931
2142,JP Nagar 2nd phase,airnet,12.91225,77.58696,7,8.901
2142,JP Nagar 2nd phase,airnet,12.91225,77.58696,8,12.031
2142,JP Nagar 2nd phase,airnet,12.91225,77.58696,8,12.723
2142,JP Nagar 2nd phase,airnet,12.91225,77.58696,9,4.991
2142,JP Nagar 2nd phase,airnet,12.91225,77.58696,9,6.938
2142,JP Nagar 2nd phase,airnet,12.91225,77.58696,10,12.329
2142,JP Nagar 2nd phase,airnet,12.91225,77.58696,10,11.568
2142,JP Nagar 2nd phase,airnet,12.91225,77.58696,11,9.386
2142,JP Nagar 2nd phase,airnet,12.91225,77.58696,18,11.515
2142,JP Nagar 2nd phase,airnet,12.91225,77.58696,19,6.487
2142,JP Nagar 2nd phase,airnet,12.91225,77.58696,20,3.672
2142,JP Nagar 2nd phase,airnet,12.91225,77.58696,20,3.869
2142,JP Nagar 2nd phase,airnet,12.91225,77.58696,21,2.322
2142,JP Nagar 2nd phase,airnet,12.91225,77.58696,21,3.457
2142,JP Nagar 2nd phase,airnet,12.91225,77.58696,22,6.86
2142,JP Nagar 2nd phase,airnet,12.91225,77.58696,22,7.524
2142,JP Nagar 2nd phase,airnet,12.91225,77.58696,22,7.962
2142,JP Nagar 2nd phase,airnet,12.91225,77.58696,22,7.858
2142,JP Nagar 2nd phase,airnet,12.91225,77.58696,23,11.084
2142,JP Nagar 2nd phase,airnet,12.91225,77.58696,0,11.643
2142,JP Nagar 2nd phase,airnet,12.91225,77.58696,0,9.254
2142,JP Nagar 2nd phase,airnet,12.91225,77.58696,6,7.327
2142,JP Nagar 2nd phase,airnet,12.91225,77.58696,7,8.073
2142,JP Nagar 2nd phase,airnet,12.91225,77.58696,7,7.642
2142,JP Nagar 2nd phase,airnet,12.91225,77.58696,8,2.779
2142,JP Nagar 2nd phase,airnet,12.91225,77.58696,9,11.697
2142,JP Nagar 2nd phase,airnet,12.91225,77.58696,10,14.447
2142,JP Nagar 2nd phase,airnet,12.91225,77.58696,11,12.863
2142,JP Nagar 2nd phase,airnet,12.91225,77.58696,13,12.264
2142,JP Nagar 2nd phase,airnet,12.91225,77.58696,15,12.511
2142,JP Nagar 2nd phase,airnet,12.91225,77.58696,16,10.327
2142,JP Nagar 2nd phase,airnet,12.91225,77.58696,17,15.001
2142,JP Nagar 2nd phase,airnet,12.91225,77.58696,18,11.285
2142,JP Nagar 2nd phase,airnet,12.91225,77.58696,20,14.722
2142,JP Nagar 2nd phase,airnet,12.91225,77.58696,22,15.429
2142,JP Nagar 2nd phase,airnet,12.91225,77.58696,22,15.904
2142,JP Nagar 2nd phase,airnet,12.91225,77.58696,23,16.125
2142,JP Nagar 2nd phase,airnet,12.91225,77.58696,1,20.281
2142,JP Nagar 2nd phase,airnet,12.91225,77.58696,3,17.841
2142,JP Nagar 2nd phase,airnet,12.91225,77.58696,5,18.361
2142,JP Nagar 2nd phase,airnet,12.91225,77.58696,5,17.82
2142,JP Nagar 2nd phase,airnet,12.91225,77.58696,5,18.372
2142,JP Nagar 2nd phase,airnet,12.91225,77.58696,6,20.76
2142,JP Nagar 2nd phase,airnet,12.91225,77.58696,6,20.348
2142,JP Nagar 2nd phase,airnet,12.91225,77.58696,7,19.201
2142,JP Nagar 2nd phase,airnet,12.91225,77.58696,7,20.116
2142,JP Nagar 2nd phase,airnet,12.91225,77.58696,8,21.708
2142,JP Nagar 2nd phase,airnet,12.91225,77.58696,9,20.032
2142,JP Nagar 2nd phase,airnet,12.91225,77.58696,10,21.13
2142,JP Nagar 2nd phase,airnet,12.91225,77.58696,11,23.345
2142,JP Nagar 2nd phase,airnet,12.91225,77.58696,12,22.924
2142,JP Nagar 2nd phase,airnet,12.91225,77.58696,14,27.816
2142,JP Nagar 2nd phase,airnet,12.91225,77.58696,14,21.929
2142,JP Nagar 2nd phase,airnet,12.91225,77.58696,16,17.911
2144,Kaikondrahalli,airnet,12.911006,77.683618,7,33.797
2144,Kaikondrahalli,airnet,12.911006,77.683618,7,31.746
2144,Kaikondrahalli,airnet,12.911006,77.683618,7,28.756
2144,Kaikondrahalli,airnet,12.911006,77.683618,8,25.884
2144,Kaikondrahalli,airnet,12.911006,77.683618,9,25.258
2144,Kaikondrahalli,airnet,12.911006,77.683618,10,25.65
2144,Kaikondrahalli,airnet,12.911006,77.683618,10,27.006
2144,Kaikondrahalli,airnet,12.911006,77.683618,11,21.983
2144,Kaikondrahalli,airnet,12.911006,77.683618,13,22.83
2144,Kaikondrahalli,airnet,12.911006,77.683618,17,23.266
2144,Kaikondrahalli,airnet,12.911006,77.683618,18,28.601
2144,Kaikondrahalli,airnet,12.911006,77.683618,22,32.664
2144,Kaikondrahalli,airnet,12.911006,77.683618,22,30.713
2144,Kaikondrahalli,airnet,12.911006,77.683618,22,29.997
2144,Kaikondrahalli,airnet,12.911006,77.683618,23,30.08
2144,Kaikondrahalli,airnet,12.911006,77.683618,23,30.521
2144,Kaikondrahalli,airnet,12.911006,77.683618,23,27.523
2144,Kaikondrahalli,airnet,12.911006,77.683618,1,16.398
2144,Kaikondrahalli,airnet,12.911006,77.683618,1,10.943
2144,Kaikondrahalli,airnet,12.911006,77.683618,2,3.265
2144,Kaikondrahalli,airnet,12.911006,77.683618,3,5.197
2144,Kaikondrahalli,airnet,12.911006,77.683618,3,8.892
2144,Kaikondrahalli,airnet,12.911006,77.683618,4,7.543
2144,Kaikondrahalli,airnet,12.911006,77.683618,4,11.199
2144,Kaikondrahalli,airnet,12.911006,77.683618,5,14.213
2144,Kaikondrahalli,airnet,12.911006,77.683618,7,20.595
2144,Kaikondrahalli,airnet,12.911006,77.683618,8,18.523
2144,Kaikondrahalli,airnet,12.911006,77.683618,9,26.321
2144,Kaikondrahalli,airnet,12.911006,77.683618,10,23.176
2144,Kaikondrahalli,airnet,12.911006,77.683618,11,17.901
2144,Kaikondrahalli,airnet,12.911006,77.683618,13,2.237
2144,Kaikondrahalli,airnet,12.911006,77.683618,16,10.287
2144,Kaikondrahalli,airnet,12.911006,77.683618,18,14.71
2144,Kaikondrahalli,airnet,12.911006,77.683618,19,9.976
2144,Kaikondrahalli,airnet,12.911006,77.683618,22,10.837
2144,Kaikondrahalli,airnet,12.911006,77.683618,22,12.385
2144,Kaikondrahalli,airnet,12.911006,77.683618,7,16.49
2144,Kaikondrahalli,airnet,12.911006,77.683618,7,17.545
2144,Kaikondrahalli,airnet,12.911006,77.683618,7,4.214
2144,Kaikondrahalli,airnet,12.911006,77.683618,14,3.355
2144,Kaikondrahalli,airnet,12.911006,77.683618,17,6.118
2144,Kaikondrahalli,airnet,12.911006,77.683618,22,8.739
2144,Kaikondrahalli,airnet,12.911006,77.683618,23,15.802
2144,Kaikondrahalli,airnet,12.911006,77.683618,0,12.878
2144,Kaikondrahalli,airnet,12.911006,77.683618,1,7.01
2144,Kaikondrahalli,airnet,12.911006,77.683618,6,2.85
2144,Kaikondrahalli,airnet,12.911006,77.683618,7,2.293
2144,Kaikondrahalli,airnet,12.911006,77.683618,11,5.099
2144,Kaikondrahalli,airnet,12.911006,77.683618,12,3.938
2144,Kaikondrahalli,airnet,12.911006,77.683618,13,5.172
2144,Kaikondrahalli,airnet,12.911006,77.683618,15,5.659
2144,Kaikondrahalli,airnet,12.911006,77.683618,19,13.141
2144,Kaikondrahalli,airnet,12.911006,77.683618,20,18.587
2144,Kaikondrahalli,airnet,12.911006,77.683618,20,19.136
2144,Kaikondrahalli,airnet,12.911006,77.683618,20,19.176
2144,Kaikondrahalli,airnet,12.911006,77.683618,21,19.865
2144,Kaikondrahalli,airnet,12.911006,77.683618,21,19.453
2144,Kaikondrahalli,airnet,12.911006,77.683618,22,19.966
2144,Kaikondrahalli,airnet,12.911006,77.683618,22,21.304
2144,Kaikondrahalli,airnet,12.911006,77.683618,23,22.174
2144,Kaikondrahalli,airnet,12.911006,77.683618,0,24.438
2144,Kaikondrahalli,airnet,12.911006,77.683618,1,14.538
2144,Kaikondrahalli,airnet,12.911006,77.683618,4,17.128
2144,Kaikondrahalli,airnet,12.911006,77.683618,4,17.446
2144,Kaikondrahalli,airnet,12.911006,77.683618,6,26.013
2144,Kaikondrahalli,airnet,12.911006,77.683618,7,24.892
2144,Kaikondrahalli,airnet,12.911006,77.683618,8,23.926
2144,Kaikondrahalli,airnet,12.911006,77.683618,9,27.118
2144,Kaikondrahalli,airnet,12.911006,77.683618,10,26.499
2144,Kaikondrahalli,airnet,12.911006,77.683618,10,27.318
2144,Kaikondrahalli,airnet,12.911006,77.683618,10,27.399
2144,Kaikondrahalli,airnet,12.911006,77.683618,13,22.882
2144,Kaikondrahalli,airnet,12.911006,77.683618,14,19.798
2144,Kaikondrahalli,airnet,12.911006,77.683618,14,16.171
2144,Kaikondrahalli,airnet,12.911006,77.683618,15,16.636
2145,CSTEP Test Bed,airnet,13.048451,77.579592,18,30.573
2145,CSTEP Test Bed,airnet,13.048451,77.579592,22,47.672
2145,CSTEP Test Bed,airnet,13.048451,77.579592,22,43.74
2145,CSTEP Test Bed,airnet,13.048451,77.579592,23,36.465
2145,CSTEP Test Bed,airnet,13.048451,77.579592,0,22.81
2145,CSTEP Test Bed,airnet,13.048451,77.579592,2,20.953
2145,CSTEP Test Bed,airnet,13.048451,77.579592,3,19.36
2145,CSTEP Test Bed,airnet,13.048451,77.579592,4,19.901
2145,CSTEP Test Bed,airnet,13.048451,77.579592,6,26.141
2145,CSTEP Test Bed,airnet,13.048451,77.579592,7,26.243
2145,CSTEP Test Bed,airnet,13.048451,77.579592,9,32.136
2145,CSTEP Test Bed,airnet,13.048451,77.579592,9,30.277
2145,CSTEP Test Bed,airnet,13.048451,77.579592,11,21.237
2145,CSTEP Test Bed,airnet,13.048451,77.579592,12,17.811
2145,CSTEP Test Bed,airnet,13.048451,77.579592,12,18.486
2145,CSTEP Test Bed,airnet,13.048451,77.579592,13,17.091
2145,CSTEP Test Bed,airnet,13.048451,77.579592,16,16.331
2145,CSTEP Test Bed,airnet,13.048451,77.579592,18,17.016
2145,CSTEP Test Bed,airnet,13.048451,77.579592,20,16.05
2145,CSTEP Test Bed,airnet,13.048451,77.579592,21,15.706
2145,CSTEP Test Bed,airnet,13.048451,77.579592,22,16.613
2145,CSTEP Test Bed,airnet,13.048451,77.579592,23,17.078
2145,CSTEP Test Bed,airnet,13.048451,77.579592,0,16.039
2145,CSTEP Test Bed,airnet,13.048451,77.579592,1,18.408
2145,CSTEP Test Bed,airnet,13.048451,77.579592,2,18.766
2145,CSTEP Test Bed,airnet,13.048451,77.579592,2,19.16
2145,CSTEP Test Bed,airnet,13.048451,77.579592,2,18.779
2145,CSTEP Test Bed,airnet,13.048451,77.579592,3,19.024
2145,CSTEP Test Bed,airnet,13.048451,77.579592,3,18.954
2145,CSTEP Test Bed,airnet,13.048451,77.579592,4,18.648
2145,CSTEP Test Bed,airnet,13.048451,77.579592,4,18.616
2145,CSTEP Test Bed,airnet,13.048451,77.579592,4,17.751
2145,CSTEP Test Bed,airnet,13.048451,77.579592,5,17.448
2145,CSTEP Test Bed,airnet,13.048451,77.579592,6,21.301
2145,CSTEP Test Bed,airnet,13.048451,77.579592,8,16.343
2145,CSTEP Test Bed,airnet,13.048451,77.579592,10,19.41
2145,CSTEP Test Bed,airnet,13.048451,77.579592,12,19.137
2145,CSTEP Test Bed,airnet,13.048451,77.579592,12,20.297
2145,CSTEP Test Bed,airnet,13.048451,77.579592,14,20.36
2145,CSTEP Test Bed,airnet,13.048451,77.579592,15,20.515
2145,CSTEP Test Bed,airnet,13.048451,77.579592,15,20.306
2145,CSTEP Test Bed,airnet,13.048451,77.579592,15,20.322
2145,CSTEP Test Bed,airnet,13.048451,77.579592,15,19.977
2145,CSTEP Test Bed,airnet,13.048451,77.579592,17,20.469
2145,CSTEP Test Bed,airnet,13.048451,77.579592,18,18.825
2145,CSTEP Test Bed,airnet,13.048451,77.579592,18,21.585
2145,CSTEP Test Bed,airnet,13.048451,77.579592,19,18.704
2145,CSTEP Test Bed,airnet,13.048451,77.579592,19,18.01
2145,CSTEP Test Bed,airnet,13.048451,77.579592,20,16.387
2145,CSTEP Test Bed,airnet,13.048451,77.579592,21,17.044
2145,CSTEP Test Bed,airnet,13.048451,77.579592,22,17.963
2145,CSTEP Test Bed,airnet,13.048451,77.579592,23,17.806
2145,CSTEP Test Bed,airnet,13.048451,77.579592,0,21.737
2145,CSTEP Test Bed,airnet,13.048451,77.579592,0,21.328
2145,CSTEP Test Bed,airnet,13.048451,77.579592,6,18.311
2145,CSTEP Test Bed,airnet,13.048451,77.579592,7,15.647
2145,CSTEP Test Bed,airnet,13.048451,77.579592,8,16.029
2145,CSTEP Test Bed,airnet,13.048451,77.579592,12,18.001
2145,CSTEP Test Bed,airnet,13.048451,77.579592,13,17.989
2145,CSTEP Test Bed,airnet,13.048451,77.579592,13,18.302
2145,CSTEP Test Bed,airnet,13.048451,77.579592,14,16.914
2145,CSTEP Test Bed,airnet,13.048451,77.579592,16,17.372
2145,CSTEP Test Bed,airnet,13.048451,77.579592,18,23.264
2145,CSTEP Test Bed,airnet,13.048451,77.579592,19,67.779
2145,CSTEP Test Bed,airnet,13.048451,77.579592,21,21.144
2145,CSTEP Test Bed,airnet,13.048451,77.579592,23,19.638
2145,CSTEP Test Bed,airnet,13.048451,77.579592,1,27.161
2145,CSTEP Test Bed,airnet,13.048451,77.579592,1,28.323
2145,CSTEP Test Bed,airnet,13.048451,77.579592,2,29.129
2145,CSTEP Test Bed,airnet,13.048451,77.579592,3,27.427
2145,CSTEP Test Bed,airnet,13.048451,77.579592,5,27.66
2145,CSTEP Test Bed,airnet,13.048451,77.579592,6,28.991
2145,CSTEP Test Bed,airnet,13.048451,77.579592,6,31.17
2145,CSTEP Test Bed,airnet,13.048451,77.579592,7,33.615
2145,CSTEP Test Bed,airnet,13.048451,77.579592,8,35.645
2145,CSTEP Test Bed,airnet,13.048451,77.579592,8,40.222
2145,CSTEP Test Bed,airnet,13.048451,77.579592,8,40.273
2145,CSTEP Test Bed,airnet,13.048451,77.579592,10,26.012
2145,CSTEP Test Bed,airnet,13.048451,77.579592,11,25.428
2145,CSTEP Test Bed,airnet,13.048451,77.579592,11,24.393
2145,CSTEP Test Bed,airnet,13.048451,77.579592,13,21.109
2145,CSTEP Test Bed,airnet,13.048451,77.579592,13,21.835
2145,CSTEP Test Bed,airnet,13.048451,77.579592,14,21.147
2145,CSTEP Test Bed,airnet,13.048451,77.579592,14,23.055
2145,CSTEP Test Bed,airnet,13.048451,77.579592,14,22.083
2145,CSTEP Test Bed,airnet,13.048451,77.579592,15,22.021
2145,CSTEP Test Bed,airnet,13.048451,77.579592,16,24.509
2147,CSTEP Test Bed,airnet,13.048451,77.579592,13,29.944
2147,CSTEP Test Bed,airnet,13.048451,77.579592,13,28.475
2147,CSTEP Test Bed,airnet,13.048451,77.579592,14,29.51
2147,CSTEP Test Bed,airnet,13.048451,77.579592,14,29.705
2147,CSTEP Test Bed,airnet,13.048451,77.579592,15,26.936
2147,CSTEP Test Bed,airnet,13.048451,77.579592,18,28.113
2147,CSTEP Test Bed,airnet,13.048451,77.579592,19,36.603
2147,CSTEP Test Bed,airnet,13.048451,77.579592,20,37.086
2147,CSTEP Test Bed,airnet,13.048451,77.579592,20,35.988
2147,CSTEP Test Bed,airnet,13.048451,77.579592,22,38.905
2147,CSTEP Test Bed,airnet,13.048451,77.579592,23,30.649
2147,CSTEP Test Bed,airnet,13.048451,77.579592,23,26.682
2147,CSTEP Test Bed,airnet,13.048451,77.579592,1,18.542
2147,CSTEP Test Bed,airnet,13.048451,77.579592,2,15.092
2147,CSTEP Test Bed,airnet,13.048451,77.579592,2,17.813
2147,CSTEP Test Bed,airnet,13.048451,77.579592,4,15.51
2147,CSTEP Test Bed,airnet,13.048451,77.579592,4,16.434
2147,CSTEP Test Bed,airnet,13.048451,77.579592,6,24.834
2147,CSTEP Test Bed,airnet,13.048451,77.579592,6,20.198
2147,CSTEP Test Bed,airnet,13.048451,77.579592,6,21.446
2147,CSTEP Test Bed,airnet,13.048451,77.579592,6,23.44
2147,CSTEP Test Bed,airnet,13.048451,77.579592,7,26.017
2147,CSTEP Test Bed,airnet,13.048451,77.579592,7,24.203
2147,CSTEP Test Bed,airnet,13.048451,77.579592,8,29.362
2147,CSTEP Test Bed,airnet,13.048451,77.579592,10,26.727
2147,CSTEP Test Bed,airnet,13.048451,77.579592,11,20.323
2147,CSTEP Test Bed,airnet,13.048451,77.579592,12,9.478
2147,CSTEP Test Bed,airnet,13.048451,77.579592,13,8.636
2147,CSTEP Test Bed,airnet,13.048451,77.579592,13,6.287
2147,CSTEP Test Bed,airnet,13.048451,77.579592,17,18.406
2147,CSTEP Test Bed,airnet,13.048451,77.579592,17,20.303
2147,CSTEP Test Bed,airnet,13.048451,77.579592,18,9.018
2147,CSTEP Test Bed,airnet,13.048451,77.579592,19,7.432
2147,CSTEP Test Bed,airnet,13.048451,77.579592,20,6.435
2147,CSTEP Test Bed,airnet,13.048451,77.579592,23,13.013
2147,CSTEP Test Bed,airnet,13.048451,77.579592,0,13.809
2147,CSTEP Test Bed,airnet,13.048451,77.579592,0,9.171
2147,CSTEP Test Bed,airnet,13.048451,77.579592,4,5.627
2147,CSTEP Test Bed,airnet,13.048451,77.579592,4,4.586
2147,CSTEP Test Bed,airnet,13.048451,77.579592,5,7.756
2147,CSTEP Test Bed,airnet,13.048451,77.579592,5,6.679
2147,CSTEP Test Bed,airnet,13.048451,77.579592,6,17.199
2147,CSTEP Test Bed,airnet,13.048451,77.579592,7,4.732
2147,CSTEP Test Bed,airnet,13.048451,77.579592,7,8.614
2147,CSTEP Test Bed,airnet,13.048451,77.579592,9,5.642
2147,CSTEP Test Bed,airnet,13.048451,77.579592,9,3.565
2147,CSTEP Test Bed,airnet,13.048451,77.579592,10,5.878
2147,CSTEP Test Bed,airnet,13.048451,77.579592,12,5.543
2147,CSTEP Test Bed,airnet,13.048451,77.579592,12,7.6
2147,CSTEP Test Bed,airnet,13.048451,77.579592,17,5.756
2147,CSTEP Test Bed,airnet,13.048451,77.579592,18,8.61
2147,CSTEP Test Bed,airnet,13.048451,77.579592,19,5.672
2147,CSTEP Test Bed,airnet,13.048451,77.579592,19,2.316
2147,CSTEP Test Bed,airnet,13.048451,77.579592,20,10.232
2147,CSTEP Test Bed,airnet,13.048451,77.579592,21,14.877
2147,CSTEP Test Bed,airnet,13.048451,77.579592,22,14.185
2147,CSTEP Test Bed,airnet,13.048451,77.579592,22,13.225
2147,CSTEP Test Bed,airnet,13.048451,77.579592,23,13.868
2147,CSTEP Test Bed,airnet,13.048451,77.579592,23,18.496
2147,CSTEP Test Bed,airnet,13.048451,77.579592,1,8.337
2147,CSTEP Test Bed,airnet,13.048451,77.579592,6,11.86
2147,CSTEP Test Bed,airnet,13.048451,77.579592,7,2.141
2147,CSTEP Test Bed,airnet,13.048451,77.579592,7,2.808
2147,CSTEP Test Bed,airnet,13.048451,77.579592,8,3.906
2147,CSTEP Test Bed,airnet,13.048451,77.579592,8,2.638
2147,CSTEP Test Bed,airnet,13.048451,77.579592,9,2.747
2147,CSTEP Test Bed,airnet,13.048451,77.579592,11,7.691
2147,CSTEP Test Bed,airnet,13.048451,77.579592,11,7.486
2147,CSTEP Test Bed,airnet,13.048451,77.579592,12,7.48
2147,CSTEP Test Bed,airnet,13.048451,77.579592,13,7.639
2147,CSTEP Test Bed,airnet,13.048451,77.579592,16,11.314
2147,CSTEP Test Bed,airnet,13.048451,77.579592,17,21.113
2147,CSTEP Test Bed,airnet,13.048451,77.579592,21,18.58
2147,CSTEP Test Bed,airnet,13.048451,77.579592,22,17.125
2147,CSTEP Test Bed,airnet,13.048451,77.579592,22,10.551
2147,CSTEP Test Bed,airnet,13.048451,77.579592,1,24.356
2147,CSTEP Test Bed,airnet,13.048451,77.579592,2,26.611
2147,CSTEP Test Bed,airnet,13.048451,77.579592,6,31.757
2147,CSTEP Test Bed,airnet,13.048451,77.579592,7,32.97
2147,CSTEP Test Bed,airnet,13.048451,77.579592,8,30.399
2147,CSTEP Test Bed,airnet,13.048451,77.579592,8,33.233
2147,CSTEP Test Bed,airnet,13.048451,77.579592,12,25.799
2147,CSTEP Test Bed,airnet,13.048451,77.579592,13,22.949
2147,CSTEP Test Bed,airnet,13.048451,77.579592,14,18.663
2147,CSTEP Test Bed,airnet,13.048451,77.579592,15,23.987
2147,CSTEP Test Bed,airnet,13.048451,77.579592,16,22.941
2152,CSTEP Test Bed,airnet,13.048451,77.579592,12,68.804
2152,CSTEP Test Bed,airnet,13.048451,77.579592,15,63.705
2152,CSTEP Test Bed,airnet,13.048451,77.579592,15,62.81
2152,CSTEP Test Bed,airnet,13.048451,77.579592,16,70.135
2152,CSTEP Test Bed,airnet,13.048451,77.579592,18,73.772
2152,CSTEP Test Bed,airnet,13.048451,77.579592,22,112.503
2152,CSTEP Test Bed,airnet,13.048451,77.579592,0,114.918
2152,CSTEP Test Bed,airnet,13.048451,77.579592,2,102.991
2152,CSTEP Test Bed,airnet,13.048451,77.579592,4,96.022
2152,CSTEP Test Bed,airnet,13.048451,77.579592,5,97.729
2152,CSTEP Test Bed,airnet,13.048451,77.579592,7,112.155
2152,CSTEP Test Bed,airnet,13.048451,77.579592,8,91.896
2152,CSTEP Test Bed,airnet,13.048451,77.579592,11,73.807
2152,CSTEP Test Bed,airnet,13.048451,77.579592,12,72.733
2152,CSTEP Test Bed,airnet,13.048451,77.579592,13,67.153
2152,CSTEP Test Bed,airnet,13.048451,77.579592,13,66.452
2152,CSTEP Test Bed,airnet,13.048451,77.579592,14,57.668
2152,CSTEP Test Bed,airnet,13.048451,77.579592,15,58.603
2152,CSTEP Test Bed,airnet,13.048451,77.579592,17,56.124
2152,CSTEP Test Bed,airnet,13.048451,77.579592,19,70.175
2152,CSTEP Test Bed,airnet,13.048451,77.579592,20,69.467
2152,CSTEP Test Bed,airnet,13.048451,77.579592,21,66.742
2152,CSTEP Test Bed,airnet,13.048451,77.579592,23,51.443
2152,CSTEP Test Bed,airnet,13.048451,77.579592,3,62.92
2152,CSTEP Test Bed,airnet,13.048451,77.579592,7,67.833
2152,CSTEP Test Bed,airnet,13.048451,77.579592,9,55.633
2152,CSTEP Test Bed,airnet,13.048451,77.579592,11,46.999
2152,CSTEP Test Bed,airnet,13.048451,77.579592,13,47.064
2152,CSTEP Test Bed,airnet,13.048451,77.579592,15,49.196
2152,CSTEP Test Bed,airnet,13.048451,77.579592,18,60.472
2152,CSTEP Test Bed,airnet,13.048451,77.579592,18,59.07
2152,CSTEP Test Bed,airnet,13.048451,77.579592,19,63.67
2152,CSTEP Test Bed,airnet,13.048451,77.579592,19,75.163
2152,CSTEP Test Bed,airnet,13.048451,77.579592,21,54.363
2152,CSTEP Test Bed,airnet,13.048451,77.579592,0,76.331
2152,CSTEP Test Bed,airnet,13.048451,77.579592,1,81.447
2152,CSTEP Test Bed,airnet,13.048451,77.579592,1,82.274
2152,CSTEP Test Bed,airnet,13.048451,77.579592,3,82.546
2152,CSTEP Test Bed,airnet,13.048451,77.579592,5,93.707
2152,CSTEP Test Bed,airnet,13.048451,77.579592,6,111.58
2152,CSTEP Test Bed,airnet,13.048451,77.579592,7,105.37
2152,CSTEP Test Bed,airnet,13.048451,77.579592,7,98.63
2152,CSTEP Test Bed,airnet,13.048451,77.579592,9,82.905
2152,CSTEP Test Bed,airnet,13.048451,77.579592,10,60.499
2152,CSTEP Test Bed,airnet,13.048451,77.579592,11,53.839
2152,CSTEP Test Bed,airnet,13.048451,77.579592,13,45.538
2152,CSTEP Test Bed,airnet,13.048451,77.579592,15,37.893
2152,CSTEP Test Bed,airnet,13.048451,77.579592,17,37.02
2152,CSTEP Test Bed,airnet,13.048451,77.579592,18,35.46
2152,CSTEP Test Bed,airnet,13.048451,77.579592,19,57.425
2152,CSTEP Test Bed,airnet,13.048451,77.579592,21,52.449
2152,CSTEP Test Bed,airnet,13.048451,77.579592,22,53.733
2152,CSTEP Test Bed,airnet,13.048451,77.579592,23,71.842
2152,CSTEP Test Bed,airnet,13.048451,77.579592,1,66.694
2152,CSTEP Test Bed,airnet,13.048451,77.579592,3,61.129
2152,CSTEP Test Bed,airnet,13.048451,77.579592,6,51.964
2152,CSTEP Test Bed,airnet,13.048451,77.579592,6,52.693
2152,CSTEP Test Bed,airnet,13.048451,77.579592,7,65.083
2152,CSTEP Test Bed,airnet,13.048451,77.579592,10,38.679
2152,CSTEP Test Bed,airnet,13.048451,77.579592,13,32.418
2152,CSTEP Test Bed,airnet,13.048451,77.579592,14,34.239
2152,CSTEP Test Bed,airnet,13.048451,77.579592,16,34.38
2152,CSTEP Test Bed,airnet,13.048451,77.579592,17,36.295
2152,CSTEP Test Bed,airnet,13.048451,77.579592,18,42.532
2152,CSTEP Test Bed,airnet,13.048451,77.579592,20,47.374
2152,CSTEP Test Bed,airnet,13.048451,77.579592,23,42.432
2152,CSTEP Test Bed,airnet,13.048451,77.579592,0,41.701
2152,CSTEP Test Bed,airnet,13.048451,77.579592,1,42.438
2152,CSTEP Test Bed,airnet,13.048451,77.579592,2,44.157
2152,CSTEP Test Bed,airnet,13.048451,77.579592,5,44.541
2152,CSTEP Test Bed,airnet,13.048451,77.579592,6,45.444
2152,CSTEP Test Bed,airnet,13.048451,77.579592,7,56.714
2152,CSTEP Test Bed,airnet,13.048451,77.579592,9,43.591
2152,CSTEP Test Bed,airnet,13.048451,77.579592,11,31.04
2152,CSTEP Test Bed,airnet,13.048451,77.579592,13,31.689
2152,CSTEP Test Bed,airnet,13.048451,77.579592,15,28.369
2152,CSTEP Test Bed,airnet,13.048451,77.579592,17,26.919
2152,CSTEP Test Bed,airnet,13.048451,77.579592,22,47.381
2152,CSTEP Test Bed,airnet,13.048451,77.579592,23,54.553
2152,CSTEP Test Bed,airnet,13.048451,77.579592,1,43.864
2152,CSTEP Test Bed,airnet,13.048451,77.579592,2,40.421
2152,CSTEP Test Bed,airnet,13.048451,77.579592,4,46.268
2152,CSTEP Test Bed,airnet,13.048451,77.579592,5,51.9
2152,CSTEP Test Bed,airnet,13.048451,77.579592,6,48.865
2152,CSTEP Test Bed,airnet,13.048451,77.579592,8,45.826
2152,CSTEP Test Bed,airnet,13.048451,77.579592,10,25.107
2152,CSTEP Test Bed,airnet,13.048451,77.579592,11,3.836
2152,CSTEP Test Bed,airnet,13.048451,77.579592,12,2.864
2152,CSTEP Test Bed,airnet,13.048451,77.579592,15,5.045
2152,CSTEP Test Bed,airnet,13.048451,77.579592,18,322.834
2152,CSTEP Test Bed,airnet,13.048451,77.579592,19,326.634
2152,CSTEP Test Bed,airnet,13.048451,77.579592,21,52.654
2152,CSTEP Test Bed,airnet,13.048451,77.579592,23,41.196
2152,CSTEP Test Bed,airnet,13.048451,77.579592,1,47.391
2152,CSTEP Test Bed,airnet,13.048451,77.579592,2,48.803
2152,CSTEP Test Bed,airnet,13.048451,77.579592,6,64.272
2CF43219D002,CSTEP Test Bed,airnet,13.048451,77.579592,11,26.379
2CF43219D002,CSTEP Test Bed,airnet,13.048451,77.579592,14,25.905
2CF43219D002,CSTEP Test Bed,airnet,13.048451,77.579592,15,31.212
2CF43219D002,CSTEP Test Bed,airnet,13.048451,77.579592,16,34.212
2CF43219D002,CSTEP Test Bed,airnet,13.048451,77.579592,17,38.802
2CF43219D002,CSTEP Test Bed,airnet,13.048451,77.579592,18,45.814
2CF43219D002,CSTEP Test Bed,airnet,13.048451,77.579592,20,47.316
2CF43219D002,CSTEP Test Bed,airnet,13.048451,77.579592,22,56.364
2CF43219D002,CSTEP Test Bed,airnet,13.048451,77.579592,0,42.414
2CF43219D002,CSTEP Test Bed,airnet,13.048451,77.579592,1,43.857
2CF43219D002,CSTEP Test Bed,airnet,13.048451,77.579592,2,45.415
2CF43219D002,CSTEP Test Bed,airnet,13.048451,77.579592,6,40.813
2CF43219D002,CSTEP Test Bed,airnet,13.048451,77.579592,7,38.448
2CF43219D002,CSTEP Test Bed,airnet,13.048451,77.579592,10,47.777
2CF43219D002,CSTEP Test Bed,airnet,13.048451,77.579592,14,45.393
2CF43219D002,CSTEP Test Bed,airnet,13.048451,77.579592,15,45.581
2CF43219D002,CSTEP Test Bed,airnet,13.048451,77.579592,18,51.767
2136,CSTEP Test Bed,airnet,13.048451,77.579592,7,23.817
2136,CSTEP Test Bed,airnet,13.048451,77.579592,7,25.563
2136,CSTEP Test Bed,airnet,13.048451,77.579592,7,27.808
2136,CSTEP Test Bed,airnet,13.048451,77.579592,8,25.945
2136,CSTEP Test Bed,airnet,13.048451,77.579592,8,25.056
2136,CSTEP Test Bed,airnet,13.048451,77.579592,8,29.605
2136,CSTEP Test Bed,airnet,13.048451,77.579592,8,31.141
2136,CSTEP Test Bed,airnet,13.048451,77.579592,9,28.901
2136,CSTEP Test Bed,airnet,13.048451,77.579592,18,15.465
2136,CSTEP Test Bed,airnet,13.048451,77.579592,19,14.885
2136,CSTEP Test Bed,airnet,13.048451,77.579592,20,10.378
2136,CSTEP Test Bed,airnet,13.048451,77.579592,20,9.178
2136,CSTEP Test Bed,airnet,13.048451,77.579592,21,10.704
2136,CSTEP Test Bed,airnet,13.048451,77.579592,22,9.099
2136,CSTEP Test Bed,airnet,13.048451,77.579592,23,16.955
2136,CSTEP Test Bed,airnet,13.048451,77.579592,0,16.794
2136,CSTEP Test Bed,airnet,13.048451,77.579592,0,14.876
2136,CSTEP Test Bed,airnet,13.048451,77.579592,0,13.355
2136,CSTEP Test Bed,airnet,13.048451,77.579592,1,14.002
2136,CSTEP Test Bed,airnet,13.048451,77.579592,2,6.12
2136,CSTEP Test Bed,airnet,13.048451,77.579592,3,6.702
2136,CSTEP Test Bed,airnet,13.048451,77.579592,4,10.507
2136,CSTEP Test Bed,airnet,13.048451,77.579592,5,11.537
2136,CSTEP Test Bed,airnet,13.048451,77.579592,5,14.475
2136,CSTEP Test Bed,airnet,13.048451,77.579592,6,15.763
2136,CSTEP Test Bed,airnet,13.048451,77.579592,6,17.757
2136,CSTEP Test Bed,airnet,13.048451,77.579592,6,13.935
2136,CSTEP Test Bed,airnet,13.048451,77.579592,7,10.889
2136,CSTEP Test Bed,airnet,13.048451,77.579592,7,10.682
2136,CSTEP Test Bed,airnet,13.048451,77.579592,9,12.008
2136,CSTEP Test Bed,airnet,13.048451,77.579592,9,10.278
2136,CSTEP Test Bed,airnet,13.048451,77.579592,10,13.767
2136,CSTEP Test Bed,airnet,13.048451,77.579592,11,11.36
2136,CSTEP Test Bed,airnet,13.048451,77.579592,13,9.697
2136,CSTEP Test Bed,airnet,13.048451,77.579592,13,7.388
2136,CSTEP Test Bed,airnet,13.048451,77.579592,14,8.791
2136,CSTEP Test Bed,airnet,13.048451,77.579592,14,12.07
2136,CSTEP Test Bed,airnet,13.048451,77.579592,16,9.067
2136,CSTEP Test Bed,airnet,13.048451,77.579592,16,11.509
2136,CSTEP Test Bed,airnet,13.048451,77.579592,17,9.715
2136,CSTEP Test Bed,airnet,13.048451,77.579592,17,8.664
2136,CSTEP Test Bed,airnet,13.048451,77.579592,17,13.099
2136,CSTEP Test Bed,airnet,13.048451,77.579592,18,16.307
2136,CSTEP Test Bed,airnet,13.048451,77.579592,18,15.041
2136,CSTEP Test Bed,airnet,13.048451,77.579592,20,16.059
2136,CSTEP Test Bed,airnet,13.048451,77.579592,21,17.871
2136,CSTEP Test Bed,airnet,13.048451,77.579592,22,17.92
2136,CSTEP Test Bed,airnet,13.048451,77.579592,22,16.573
2136,CSTEP Test Bed,airnet,13.048451,77.579592,23,15.696
2136,CSTEP Test Bed,airnet,13.048451,77.579592,23,16.916
2136,CSTEP Test Bed,airnet,13.048451,77.579592,23,17.581
2136,CSTEP Test Bed,airnet,13.048451,77.579592,23,19.587
2136,CSTEP Test Bed,airnet,13.048451,77.579592,0,18.837
2136,CSTEP Test Bed,airnet,13.048451,77.579592,2,4.272
2136,CSTEP Test Bed,airnet,13.048451,77.579592,3,4.169
2136,CSTEP Test Bed,airnet,13.048451,77.579592,6,5.781
2136,CSTEP Test Bed,airnet,13.048451,77.579592,6,4.856
2136,CSTEP Test Bed,airnet,13.048451,77.579592,7,10.5
2136,CSTEP Test Bed,airnet,13.048451,77.579592,7,8.838
2136,CSTEP Test Bed,airnet,13.048451,77.579592,8,6.822
2136,CSTEP Test Bed,airnet,13.048451,77.579592,11,13.887
2136,CSTEP Test Bed,airnet,13.048451,77.579592,11,13.805
2136,CSTEP Test Bed,airnet,13.048451,77.579592,12,13.703
2136,CSTEP Test Bed,airnet,13.048451,77.579592,13,13.763
2136,CSTEP Test Bed,airnet,13.048451,77.579592,14,15.056
2136,CSTEP Test Bed,airnet,13.048451,77.579592,15,18.802
2136,CSTEP Test Bed,airnet,13.048451,77.579592,16,19.247
2136,CSTEP Test Bed,airnet,13.048451,77.579592,17,19.638
2136,CSTEP Test Bed,airnet,13.048451,77.579592,18,28.08
2136,CSTEP Test Bed,airnet,13.048451,77.579592,18,20.522
2136,CSTEP Test Bed,airnet,13.048451,77.579592,19,24.898
2136,CSTEP Test Bed,airnet,13.048451,77.579592,19,103.798
2136,CSTEP Test Bed,airnet,13.048451,77.579592,19,51.187
2136,CSTEP Test Bed,airnet,13.048451,77.579592,21,19.536
2136,CSTEP Test Bed,airnet,13.048451,77.579592,22,21.591
2136,CSTEP Test Bed,airnet,13.048451,77.579592,23,18.552
2136,CSTEP Test Bed,airnet,13.048451,77.579592,1,27.198
2136,CSTEP Test Bed,airnet,13.048451,77.579592,1,26.573
2136,CSTEP Test Bed,airnet,13.048451,77.579592,2,28.233
2136,CSTEP Test Bed,airnet,13.048451,77.579592,2,28.534
2136,CSTEP Test Bed,airnet,13.048451,77.579592,2,26.781
2136,CSTEP Test Bed,airnet,13.048451,77.579592,3,25.962
2136,CSTEP Test Bed,airnet,13.048451,77.579592,4,24.312
2136,CSTEP Test Bed,airnet,13.048451,77.579592,4,24.537
2136,CSTEP Test Bed,airnet,13.048451,77.579592,5,23.932
2136,CSTEP Test Bed,airnet,13.048451,77.579592,6,28.684
2136,CSTEP Test Bed,airnet,13.048451,77.579592,6,26.644
2136,CSTEP Test Bed,airnet,13.048451,77.579592,6,28.682
2136,CSTEP Test Bed,airnet,13.048451,77.579592,7,34.285
2136,CSTEP Test Bed,airnet,13.048451,77.579592,7,31.534
2136,CSTEP Test Bed,airnet,13.048451,77.579592,8,32.091
2136,CSTEP Test Bed,airnet,13.048451,77.579592,8,32.478
2136,CSTEP Test Bed,airnet,13.048451,77.579592,9,26.886
2149,CSTEP Test Bed,airnet,13.048451,77.579592,22,32.641
2149,CSTEP Test Bed,airnet,13.048451,77.579592,23,32.046
2149,CSTEP Test Bed,airnet,13.048451,77.579592,1,31.213
2149,CSTEP Test Bed,airnet,13.048451,77.579592,2,28.793
2149,CSTEP Test Bed,airnet,13.048451,77.579592,3,28.954
2149,CSTEP Test Bed,airnet,13.048451,77.579592,6,27.416
2149,CSTEP Test Bed,airnet,13.048451,77.579592,7,25.437
2149,CSTEP Test Bed,airnet,13.048451,77.579592,9,27.147
2149,CSTEP Test Bed,airnet,13.048451,77.579592,9,24.94
2149,CSTEP Test Bed,airnet,13.048451,77.579592,10,66.682
2149,CSTEP Test Bed,airnet,13.048451,77.579592,11,34.547
2149,CSTEP Test Bed,airnet,13.048451,77.579592,11,28.33
2149,CSTEP Test Bed,airnet,13.048451,77.579592,12,27.105
2149,CSTEP Test Bed,airnet,13.048451,77.579592,12,27.012
2149,CSTEP Test Bed,airnet,13.048451,77.579592,13,28.088
2149,CSTEP Test Bed,airnet,13.048451,77.579592,13,22.54
2149,CSTEP Test Bed,airnet,13.048451,77.579592,14,29.342
2149,CSTEP Test Bed,airnet,13.048451,77.579592,15,26.119
2149,CSTEP Test Bed,airnet,13.048451,77.579592,15,24.777
2149,CSTEP Test Bed,airnet,13.048451,77.579592,15,22.792
2149,CSTEP Test Bed,airnet,13.048451,77.579592,16,6.631
2149,CSTEP Test Bed,airnet,13.048451,77.579592,16,5.269
2149,CSTEP Test Bed,airnet,13.048451,77.579592,16,6.067
2149,CSTEP Test Bed,airnet,13.048451,77.579592,17,4.533
2149,CSTEP Test Bed,airnet,13.048451,77.579592,18,15.553
2149,CSTEP Test Bed,airnet,13.048451,77.579592,19,25.467
2149,CSTEP Test Bed,airnet,13.048451,77.579592,19,29.373
2149,CSTEP Test Bed,airnet,13.048451,77.579592,20,33.058
2149,CSTEP Test Bed,airnet,13.048451,77.579592,21,29.687
2149,CSTEP Test Bed,airnet,13.048451,77.579592,22,29.537
2149,CSTEP Test Bed,airnet,13.048451,77.579592,23,28.932
2149,CSTEP Test Bed,airnet,13.048451,77.579592,0,27.238
2149,CSTEP Test Bed,airnet,13.048451,77.579592,1,28.206
2149,CSTEP Test Bed,airnet,13.048451,77.579592,5,27.359
2149,CSTEP Test Bed,airnet,13.048451,77.579592,5,29.295
2149,CSTEP Test Bed,airnet,13.048451,77.579592,12,30.564
2149,CSTEP Test Bed,airnet,13.048451,77.579592,12,28.894
2149,CSTEP Test Bed,airnet,13.048451,77.579592,13,29.856
2149,CSTEP Test Bed,airnet,13.048451,77.579592,14,28.937
2149,CSTEP Test Bed,airnet,13.048451,77.579592,14,29.831
2149,CSTEP Test Bed,airnet,13.048451,77.579592,16,35.274
2149,CSTEP Test Bed,airnet,13.048451,77.579592,21,34.769
2149,CSTEP Test Bed,airnet,13.048451,77.579592,22,35.661
2149,CSTEP Test Bed,airnet,13.048451,77.579592,22,52.024
2149,CSTEP Test Bed,airnet,13.048451,77.579592,23,62.13
2149,CSTEP Test Bed,airnet,13.048451,77.579592,1,27.669
2149,CSTEP Test Bed,airnet,13.048451,77.579592,2,29.15
2149,CSTEP Test Bed,airnet,13.048451,77.579592,3,36.205
2149,CSTEP Test Bed,airnet,13.048451,77.579592,3,38.152
2149,CSTEP Test Bed,airnet,13.048451,77.579592,7,32.712
2149,CSTEP Test Bed,airnet,13.048451,77.579592,9,21.978
2149,CSTEP Test Bed,airnet,13.048451,77.579592,10,27.555
2149,CSTEP Test Bed,airnet,13.048451,77.579592,11,27.278
2149,CSTEP Test Bed,airnet,13.048451,77.579592,12,29.614
2149,CSTEP Test Bed,airnet,13.048451,77.579592,12,29.33
2149,CSTEP Test Bed,airnet,13.048451,77.579592,14,25.32
2149,CSTEP Test Bed,airnet,13.048451,77.579592,15,31.132
2149,CSTEP Test Bed,airnet,13.048451,77.579592,16,33.01
2149,CSTEP Test Bed,airnet,13.048451,77.579592,17,35.236
2149,CSTEP Test Bed,airnet,13.048451,77.579592,19,33.949
2149,CSTEP Test Bed,airnet,13.048451,77.579592,20,42.347
2149,CSTEP Test Bed,airnet,13.048451,77.579592,21,43.06
2149,CSTEP Test Bed,airnet,13.048451,77.579592,23,36.747
2149,CSTEP Test Bed,airnet,13.048451,77.579592,1,30.931
2149,CSTEP Test Bed,airnet,13.048451,77.579592,1,31.224
2149,CSTEP Test Bed,airnet,13.048451,77.579592,3,25.882
2149,CSTEP Test Bed,airnet,13.048451,77.579592,4,25.133
2149,CSTEP Test Bed,airnet,13.048451,77.579592,5,27.944
2149,CSTEP Test Bed,airnet,13.048451,77.579592,7,35.809
2149,CSTEP Test Bed,airnet,13.048451,77.579592,9,36.707
2149,CSTEP Test Bed,airnet,13.048451,77.579592,10,35.945
2149,CSTEP Test Bed,airnet,13.048451,77.579592,11,33.13
2149,CSTEP Test Bed,airnet,13.048451,77.579592,12,37.914
2149,CSTEP Test Bed,airnet,13.048451,77.579592,13,32.646
2149,CSTEP Test Bed,airnet,13.048451,77.579592,14,28.92
2149,CSTEP Test Bed,airnet,13.048451,77.579592,15,30.299
2149,CSTEP Test Bed,airnet,13.048451,77.579592,16,29.749
2149,CSTEP Test Bed,airnet,13.048451,77.579592,17,28.386
2149,CSTEP Test Bed,airnet,13.048451,77.579592,19,39.119
2149,CSTEP Test Bed,airnet,13.048451,77.579592,2,16.078
2149,CSTEP Test Bed,airnet,13.048451,77.579592,2,17.988
2149,CSTEP Test Bed,airnet,13.048451,77.579592,2,18.437
2149,CSTEP Test Bed,airnet,13.048451,77.579592,2,19.061
2149,CSTEP Test Bed,airnet,13.048451,77.579592,3,18.02
2149,CSTEP Test Bed,airnet,13.048451,77.579592,6,23.254
2149,CSTEP Test Bed,airnet,13.048451,77.579592,7,24.176
2149,CSTEP Test Bed,airnet,13.048451,77.579592,7,25.275
2149,CSTEP Test Bed,airnet,13.048451,77.579592,8,24.971
15792,Atria University,aurassure,13.032825,77.591887,19,26.413
15792,Atria University,aurassure,13.032825,77.591887,19,22.803
15792,Atria University,aurassure,13.032825,77.591887,20,22.547
15792,Atria University,aurassure,13.032825,77.591887,20,24.009
15792,Atria University,aurassure,13.032825,77.591887,20,24.69
15792,Atria University,aurassure,13.032825,77.591887,20,24.676
15792,Atria University,aurassure,13.032825,77.591887,21,24.784
15792,Atria University,aurassure,13.032825,77.591887,21,24.415
15792,Atria University,aurassure,13.032825,77.591887,21,24.515
15792,Atria University,aurassure,13.032825,77.591887,21,25.69
15792,Atria University,aurassure,13.032825,77.591887,22,25.586
15792,Atria University,aurassure,13.032825,77.591887,22,25.537
15792,Atria University,aurassure,13.032825,77.591887,22,26.235
15792,Atria University,aurassure,13.032825,77.591887,22,26.506
15792,Atria University,aurassure,13.032825,77.591887,23,26.663
15792,Atria University,aurassure,13.032825,77.591887,23,24.999
15792,Atria University,aurassure,13.032825,77.591887,23,23.891
15792,Atria University,aurassure,13.032825,77.591887,23,22.793
15792,Atria University,aurassure,13.032825,77.591887,0,23.186
15792,Atria University,aurassure,13.032825,77.591887,0,23.145
15792,Atria University,aurassure,13.032825,77.591887,0,23.375
15792,Atria University,aurassure,13.032825,77.591887,0,23.496
15792,Atria University,aurassure,13.032825,77.591887,1,24.161
15792,Atria University,aurassure,13.032825,77.591887,1,24.404
15792,Atria University,aurassure,13.032825,77.591887,1,24.098
15792,Atria University,aurassure,13.032825,77.591887,1,23.889
15792,Atria University,aurassure,13.032825,77.591887,2,23.691
15792,Atria University,aurassure,13.032825,77.591887,2,23.854
15792,Atria University,aurassure,13.032825,77.591887,2,22.735
15792,Atria University,aurassure,13.032825,77.591887,2,21.146
15792,Atria University,aurassure,13.032825,77.591887,3,19.904
15792,Atria University,aurassure,13.032825,77.591887,3,19.446
15792,Atria University,aurassure,13.032825,77.591887,3,19.676
15792,Atria University,aurassure,13.032825,77.591887,3,20.677
15792,Atria University,aurassure,13.032825,77.591887,4,20.92
15792,Atria University,aurassure,13.032825,77.591887,4,20.617
15792,Atria University,aurassure,13.032825,77.591887,4,20.915
15792,Atria University,aurassure,13.032825,77.591887,4,21.373
15792,Atria University,aurassure,13.032825,77.591887,5,21.765
15792,Atria University,aurassure,13.032825,77.591887,5,22.617
15792,Atria University,aurassure,13.032825,77.591887,5,22.341
15792,Atria University,aurassure,13.032825,77.591887,5,21.769
15792,Atria University,aurassure,13.032825,77.591887,6,21.963
15792,Atria University,aurassure,13.032825,77.591887,6,21.627
15792,Atria University,aurassure,13.032825,77.591887,6,23.53
15792,Atria University,aurassure,13.032825,77.591887,6,23.655
15792,Atria University,aurassure,13.032825,77.591887,7,23.574
15792,Atria University,aurassure,13.032825,77.591887,7,22.946
15792,Atria University,aurassure,13.032825,77.591887,7,21.897
15792,Atria University,aurassure,13.032825,77.591887,7,22.675
15792,Atria University,aurassure,13.032825,77.591887,8,23.117
15792,Atria University,aurassure,13.032825,77.591887,8,21.957
15792,Atria University,aurassure,13.032825,77.591887,8,21.001
15792,Atria University,aurassure,13.032825,77.591887,8,21.978
15792,Atria University,aurassure,13.032825,77.591887,9,23.068
15792,Atria University,aurassure,13.032825,77.591887,9,21.708
15792,Atria University,aurassure,13.032825,77.591887,9,22.827
15792,Atria University,aurassure,13.032825,77.591887,9,24.131
15792,Atria University,aurassure,13.032825,77.591887,10,24.849
15792,Atria University,aurassure,13.032825,77.591887,10,26.119
15792,Atria University,aurassure,13.032825,77.591887,10,25.485
15792,Atria University,aurassure,13.032825,77.591887,10,25.239
15792,Atria University,aurassure,13.032825,77.591887,11,25.465
15792,Atria University,aurassure,13.032825,77.591887,11,25.133
15792,Atria University,aurassure,13.032825,77.591887,11,25.066
15792,Atria University,aurassure,13.032825,77.591887,11,24.466
15792,Atria University,aurassure,13.032825,77.591887,12,25.13
15792,Atria University,aurassure,13.032825,77.591887,12,24.685
15792,Atria University,aurassure,13.032825,77.591887,12,24.915
15792,Atria University,aurassure,13.032825,77.591887,12,24.679
15792,Atria University,aurassure,13.032825,77.591887,13,23.418
15792,Atria University,aurassure,13.032825,77.591887,13,23.59
15792,Atria University,aurassure,13.032825,77.591887,13,23.959
15792,Atria University,aurassure,13.032825,77.591887,13,24.523
15792,Atria University,aurassure,13.032825,77.591887,14,24.583
15792,Atria University,aurassure,13.032825,77.591887,14,23.397
15792,Atria University,aurassure,13.032825,77.591887,14,22.67
15792,Atria University,aurassure,13.032825,77.591887,14,22.294
15792,Atria University,aurassure,13.032825,77.591887,15,20.271
15792,Atria University,aurassure,13.032825,77.591887,15,19.776
15792,Atria University,aurassure,13.032825,77.591887,15,19.665
15792,Atria University,aurassure,13.032825,77.591887,15,20.213
15792,Atria University,aurassure,13.032825,77.591887,16,21.0
15792,Atria University,aurassure,13.032825,77.591887,16,25.38
15792,Atria University,aurassure,13.032825,77.591887,16,22.895
15792,Atria University,aurassure,13.032825,77.591887,16,23.241
15792,Atria University,aurassure,13.032825,77.591887,17,22.648
15792,Atria University,aurassure,13.032825,77.591887,17,22.975
15792,Atria University,aurassure,13.032825,77.591887,17,23.624
15792,Atria University,aurassure,13.032825,77.591887,17,23.809
15792,Atria University,aurassure,13.032825,77.591887,18,24.829
15792,Atria University,aurassure,13.032825,77.591887,18,25.251
15792,Atria University,aurassure,13.032825,77.591887,18,24.091
15792,Atria University,aurassure,13.032825,77.591887,18,26.104
15792,Atria University,aurassure,13.032825,77.591887,19,27.649
15792,Atria University,aurassure,13.032825,77.591887,19,28.065
1555,"Hombegowda Nagar, Bengaluru - KSPCB",cpcb,12.938539,77.5901,16,26.0
1555,"Hombegowda Nagar, Bengaluru - KSPCB",cpcb,12.938539,77.5901,16,26.0
1555,"Hombegowda Nagar, Bengaluru - KSPCB",cpcb,12.938539,77.5901,16,23.0
1555,"Hombegowda Nagar, Bengaluru - KSPCB",cpcb,12.938539,77.5901,17,23.0
1555,"Hombegowda Nagar, Bengaluru - KSPCB",cpcb,12.938539,77.5901,17,23.0
1555,"Hombegowda Nagar, Bengaluru - KSPCB",cpcb,12.938539,77.5901,17,23.0
1555,"Hombegowda Nagar, Bengaluru - KSPCB",cpcb,12.938539,77.5901,17,21.0
1555,"Hombegowda Nagar, Bengaluru - KSPCB",cpcb,12.938539,77.5901,18,21.0
1555,"Hombegowda Nagar, Bengaluru - KSPCB",cpcb,12.938539,77.5901,18,21.0
1555,"Hombegowda Nagar, Bengaluru - KSPCB",cpcb,12.938539,77.5901,18,21.0
1555,"Hombegowda Nagar, Bengaluru - KSPCB",cpcb,12.938539,77.5901,18,20.0
1555,"Hombegowda Nagar, Bengaluru - KSPCB",cpcb,12.938539,77.5901,19,20.0
1555,"Hombegowda Nagar, Bengaluru - KSPCB",cpcb,12.938539,77.5901,19,20.0
1555,"Hombegowda Nagar, Bengaluru - KSPCB",cpcb,12.938539,77.5901,19,20.0
1555,"Hombegowda Nagar, Bengaluru - KSPCB",cpcb,12.938539,77.5901,19,33.0
1555,"Hombegowda Nagar, Bengaluru - KSPCB",cpcb,12.938539,77.5901,20,33.0
1555,"Hombegowda Nagar, Bengaluru - KSPCB",cpcb,12.938539,77.5901,20,33.0
1555,"Hombegowda Nagar, Bengaluru - KSPCB",cpcb,12.938539,77.5901,20,33.0
1555,"Hombegowda Nagar, Bengaluru - KSPCB",cpcb,12.938539,77.5901,20,32.0
1555,"Hombegowda Nagar, Bengaluru - KSPCB",cpcb,12.938539,77.5901,21,32.0
1555,"Hombegowda Nagar, Bengaluru - KSPCB",cpcb,12.938539,77.5901,21,32.0
1555,"Hombegowda Nagar, Bengaluru - KSPCB",cpcb,12.938539,77.5901,21,32.0
1555,"Hombegowda Nagar, Bengaluru - KSPCB",cpcb,12.938539,77.5901,21,34.0
1555,"Hombegowda Nagar, Bengaluru - KSPCB",cpcb,12.938539,77.5901,22,34.0
1555,"Hombegowda Nagar, Bengaluru - KSPCB",cpcb,12.938539,77.5901,22,34.0
1555,"Hombegowda Nagar, Bengaluru - KSPCB",cpcb,12.938539,77.5901,22,34.0
1555,"Hombegowda Nagar, Bengaluru - KSPCB",cpcb,12.938539,77.5901,22,22.0
1555,"Hombegowda Nagar, Bengaluru - KSPCB",cpcb,12.938539,77.5901,23,22.0
1555,"Hombegowda Nagar, Bengaluru - KSPCB",cpcb,12.938539,77.5901,23,22.0
1555,"Hombegowda Nagar, Bengaluru - KSPCB",cpcb,12.938539,77.5901,23,22.0
1555,"Hombegowda Nagar, Bengaluru - KSPCB",cpcb,12.938539,77.5901,23,29.0
1555,"Hombegowda Nagar, Bengaluru - KSPCB",cpcb,12.938539,77.5901,0,29.0
1555,"Hombegowda Nagar, Bengaluru - KSPCB",cpcb,12.938539,77.5901,0,29.0
1555,"Hombegowda Nagar, Bengaluru - KSPCB",cpcb,12.938539,77.5901,0,29.0
1555,"Hombegowda Nagar, Bengaluru - KSPCB",cpcb,12.938539,77.5901,0,35.0
1555,"Hombegowda Nagar, Bengaluru - KSPCB",cpcb,12.938539,77.5901,1,35.0
1555,"Hombegowda Nagar, Bengaluru - KSPCB",cpcb,12.938539,77.5901,1,35.0
1555,"Hombegowda Nagar, Bengaluru - KSPCB",cpcb,12.938539,77.5901,1,35.0
1555,"Hombegowda Nagar, Bengaluru - KSPCB",cpcb,12.938539,77.5901,1,26.0
1555,"Hombegowda Nagar, Bengaluru - KSPCB",cpcb,12.938539,77.5901,2,26.0
1555,"Hombegowda Nagar, Bengaluru - KSPCB",cpcb,12.938539,77.5901,2,26.0
1555,"Hombegowda Nagar, Bengaluru - KSPCB",cpcb,12.938539,77.5901,2,26.0
1555,"Hombegowda Nagar, Bengaluru - KSPCB",cpcb,12.938539,77.5901,2,26.0
1555,"Hombegowda Nagar, Bengaluru - KSPCB",cpcb,12.938539,77.5901,3,26.0
1555,"Hombegowda Nagar, Bengaluru - KSPCB",cpcb,12.938539,77.5901,3,26.0
1555,"Hombegowda Nagar, Bengaluru - KSPCB",cpcb,12.938539,77.5901,3,26.0
1555,"Hombegowda Nagar, Bengaluru - KSPCB",cpcb,12.938539,77.5901,3,28.0
1555,"Hombegowda Nagar, Bengaluru - KSPCB",cpcb,12.938539,77.5901,4,28.0
1555,"Hombegowda Nagar, Bengaluru - KSPCB",cpcb,12.938539,77.5901,4,28.0
1555,"Hombegowda Nagar, Bengaluru - KSPCB",cpcb,12.938539,77.5901,4,38.0
1555,"Hombegowda Nagar, Bengaluru - KSPCB",cpcb,12.938539,77.5901,5,38.0
1555,"Hombegowda Nagar, Bengaluru - KSPCB",cpcb,12.938539,77.5901,5,38.0
1555,"Hombegowda Nagar, Bengaluru - KSPCB",cpcb,12.938539,77.5901,5,38.0
1555,"Hombegowda Nagar, Bengaluru - KSPCB",cpcb,12.938539,77.5901,5,24.0
1555,"Hombegowda Nagar, Bengaluru - KSPCB",cpcb,12.938539,77.5901,6,24.0
1555,"Hombegowda Nagar, Bengaluru - KSPCB",cpcb,12.938539,77.5901,6,24.0
1555,"Hombegowda Nagar, Bengaluru - KSPCB",cpcb,12.938539,77.5901,6,24.0
1555,"Hombegowda Nagar, Bengaluru - KSPCB",cpcb,12.938539,77.5901,6,22.0
1555,"Hombegowda Nagar, Bengaluru - KSPCB",cpcb,12.938539,77.5901,7,22.0
1555,"Hombegowda Nagar, Bengaluru - KSPCB",cpcb,12.938539,77.5901,7,22.0
1555,"Hombegowda Nagar, Bengaluru - KSPCB",cpcb,12.938539,77.5901,7,22.0
1555,"Hombegowda Nagar, Bengaluru - KSPCB",cpcb,12.938539,77.5901,7,26.0
1555,"Hombegowda Nagar, Bengaluru - KSPCB",cpcb,12.938539,77.5901,8,26.0
1555,"Hombegowda Nagar, Bengaluru - KSPCB",cpcb,12.938539,77.5901,8,26.0
1555,"Hombegowda Nagar, Bengaluru - KSPCB",cpcb,12.938539,77.5901,8,26.0
1555,"Hombegowda Nagar, Bengaluru - KSPCB",cpcb,12.938539,77.5901,8,33.0
1555,"Hombegowda Nagar, Bengaluru - KSPCB",cpcb,12.938539,77.5901,9,33.0
1555,"Hombegowda Nagar, Bengaluru - KSPCB",cpcb,12.938539,77.5901,9,33.0
1555,"Hombegowda Nagar, Bengaluru - KSPCB",cpcb,12.938539,77.5901,9,33.0
1555,"Hombegowda Nagar, Bengaluru - KSPCB",cpcb,12.938539,77.5901,9,16.0
1555,"Hombegowda Nagar, Bengaluru - KSPCB",cpcb,12.938539,77.5901,10,16.0
1555,"Hombegowda Nagar, Bengaluru - KSPCB",cpcb,12.938539,77.5901,10,16.0
1555,"Hombegowda Nagar, Bengaluru - KSPCB",cpcb,12.938539,77.5901,10,16.0
1555,"Hombegowda Nagar, Bengaluru - KSPCB",cpcb,12.938539,77.5901,10,28.0
1555,"Hombegowda Nagar, Bengaluru - KSPCB",cpcb,12.938539,77.5901,11,28.0
1555,"Hombegowda Nagar, Bengaluru - KSPCB",cpcb,12.938539,77.5901,11,28.0
1555,"Hombegowda Nagar, Bengaluru - KSPCB",cpcb,12.938539,77.5901,11,28.0
1555,"Hombegowda Nagar, Bengaluru - KSPCB",cpcb,12.938539,77.5901,11,39.0
1555,"Hombegowda Nagar, Bengaluru - KSPCB",cpcb,12.938539,77.5901,12,39.0
1555,"Hombegowda Nagar, Bengaluru - KSPCB",cpcb,12.938539,77.5901,12,39.0
1555,"Hombegowda Nagar, Bengaluru - KSPCB",cpcb,12.938539,77.5901,12,39.0
1555,"Hombegowda Nagar, Bengaluru - KSPCB",cpcb,12.938539,77.5901,12,31.0
1555,"Hombegowda Nagar, Bengaluru - KSPCB",cpcb,12.938539,77.5901,13,31.0
1555,"Hombegowda Nagar, Bengaluru - KSPCB",cpcb,12.938539,77.5901,13,31.0
1555,"Hombegowda Nagar, Bengaluru - KSPCB",cpcb,12.938539,77.5901,13,31.0
1555,"Hombegowda Nagar, Bengaluru - KSPCB",cpcb,12.938539,77.5901,13,29.0
1555,"Hombegowda Nagar, Bengaluru - KSPCB",cpcb,12.938539,77.5901,14,29.0
1555,"Hombegowda Nagar, Bengaluru - KSPCB",cpcb,12.938539,77.5901,14,29.0
1555,"Hombegowda Nagar, Bengaluru - KSPCB",cpcb,12.938539,77.5901,14,29.0
1555,"Hombegowda Nagar, Bengaluru - KSPCB",cpcb,12.938539,77.5901,14,24.0
1555,"Hombegowda Nagar, Bengaluru - KSPCB",cpcb,12.938539,77.5901,15,24.0
1555,"Hombegowda Nagar, Bengaluru - KSPCB",cpcb,12.938539,77.5901,15,24.0
1555,"Hombegowda Nagar, Bengaluru - KSPCB",cpcb,12.938539,77.5901,15,24.0
1555,"Hombegowda Nagar, Bengaluru - KSPCB",cpcb,12.938539,77.5901,15,32.0
1555,"Hombegowda Nagar, Bengaluru - KSPCB",cpcb,12.938539,77.5901,16,32.0
1555,"Hombegowda Nagar, Bengaluru - KSPCB",cpcb,12.938539,77.5901,16,32.0
1556,"Jayanagar 5th Block, Bengaluru - KSPCB",cpcb,12.920984,77.584908,16,18.0
1556,"Jayanagar 5th Block, Bengaluru - KSPCB",cpcb,12.920984,77.584908,16,18.0
1556,"Jayanagar 5th Block, Bengaluru - KSPCB",cpcb,12.920984,77.584908,16,23.0
1556,"Jayanagar 5th Block, Bengaluru - KSPCB",cpcb,12.920984,77.584908,17,23.0
1556,"Jayanagar 5th Block, Bengaluru - KSPCB",cpcb,12.920984,77.584908,17,23.0
1556,"Jayanagar 5th Block, Bengaluru - KSPCB",cpcb,12.920984,77.584908,17,23.0
1556,"Jayanagar 5th Block, Bengaluru - KSPCB",cpcb,12.920984,77.584908,17,24.0
1556,"Jayanagar 5th Block, Bengaluru - KSPCB",cpcb,12.920984,77.584908,18,24.0
1556,"Jayanagar 5th Block, Bengaluru - KSPCB",cpcb,12.920984,77.584908,18,24.0
1556,"Jayanagar 5th Block, Bengaluru - KSPCB",cpcb,12.920984,77.584908,18,24.0
1556,"Jayanagar 5th Block, Bengaluru - KSPCB",cpcb,12.920984,77.584908,18,23.0
1556,"Jayanagar 5th Block, Bengaluru - KSPCB",cpcb,12.920984,77.584908,19,23.0
1556,"Jayanagar 5th Block, Bengaluru - KSPCB",cpcb,12.920984,77.584908,19,23.0
1556,"Jayanagar 5th Block, Bengaluru - KSPCB",cpcb,12.920984,77.584908,19,23.0
1556,"Jayanagar 5th Block, Bengaluru - KSPCB",cpcb,12.920984,77.584908,19,35.0
1556,"Jayanagar 5th Block, Bengaluru - KSPCB",cpcb,12.920984,77.584908,20,35.0
1556,"Jayanagar 5th Block, Bengaluru - KSPCB",cpcb,12.920984,77.584908,20,35.0
1556,"Jayanagar 5th Block, Bengaluru - KSPCB",cpcb,12.920984,77.584908,20,35.0
1556,"Jayanagar 5th Block, Bengaluru - KSPCB",cpcb,12.920984,77.584908,20,30.0
1556,"Jayanagar 5th Block, Bengaluru - KSPCB",cpcb,12.920984,77.584908,21,30.0
1556,"Jayanagar 5th Block, Bengaluru - KSPCB",cpcb,12.920984,77.584908,21,30.0
1556,"Jayanagar 5th Block, Bengaluru - KSPCB",cpcb,12.920984,77.584908,21,30.0
1556,"Jayanagar 5th Block, Bengaluru - KSPCB",cpcb,12.920984,77.584908,21,37.0
1556,"Jayanagar 5th Block, Bengaluru - KSPCB",cpcb,12.920984,77.584908,22,37.0
1556,"Jayanagar 5th Block, Bengaluru - KSPCB",cpcb,12.920984,77.584908,22,37.0
1556,"Jayanagar 5th Block, Bengaluru - KSPCB",cpcb,12.920984,77.584908,22,37.0
1556,"Jayanagar 5th Block, Bengaluru - KSPCB",cpcb,12.920984,77.584908,22,33.0
1556,"Jayanagar 5th Block, Bengaluru - KSPCB",cpcb,12.920984,77.584908,23,33.0
1556,"Jayanagar 5th Block, Bengaluru - KSPCB",cpcb,12.920984,77.584908,23,33.0
1556,"Jayanagar 5th Block, Bengaluru - KSPCB",cpcb,12.920984,77.584908,23,33.0
1556,"Jayanagar 5th Block, Bengaluru - KSPCB",cpcb,12.920984,77.584908,23,24.0
1556,"Jayanagar 5th Block, Bengaluru - KSPCB",cpcb,12.920984,77.584908,0,24.0
1556,"Jayanagar 5th Block, Bengaluru - KSPCB",cpcb,12.920984,77.584908,0,24.0
1556,"Jayanagar 5th Block, Bengaluru - KSPCB",cpcb,12.920984,77.584908,0,24.0
1556,"Jayanagar 5th Block, Bengaluru - KSPCB",cpcb,12.920984,77.584908,0,33.0
1556,"Jayanagar 5th Block, Bengaluru - KSPCB",cpcb,12.920984,77.584908,1,33.0
1556,"Jayanagar 5th Block, Bengaluru - KSPCB",cpcb,12.920984,77.584908,1,33.0
1556,"Jayanagar 5th Block, Bengaluru - KSPCB",cpcb,12.920984,77.584908,1,33.0
1556,"Jayanagar 5th Block, Bengaluru - KSPCB",cpcb,12.920984,77.584908,1,28.0
1556,"Jayanagar 5th Block, Bengaluru - KSPCB",cpcb,12.920984,77.584908,2,28.0
1556,"Jayanagar 5th Block, Bengaluru - KSPCB",cpcb,12.920984,77.584908,2,28.0
1556,"Jayanagar 5th Block, Bengaluru - KSPCB",cpcb,12.920984,77.584908,2,28.0
1556,"Jayanagar 5th Block, Bengaluru - KSPCB",cpcb,12.920984,77.584908,2,31.0
1556,"Jayanagar 5th Block, Bengaluru - KSPCB",cpcb,12.920984,77.584908,3,31.0
1556,"Jayanagar 5th Block, Bengaluru - KSPCB",cpcb,12.920984,77.584908,3,31.0
1556,"Jayanagar 5th Block, Bengaluru - KSPCB",cpcb,12.920984,77.584908,3,31.0
1556,"Jayanagar 5th Block, Bengaluru - KSPCB",cpcb,12.920984,77.584908,3,31.0
1556,"Jayanagar 5th Block, Bengaluru - KSPCB",cpcb,12.920984,77.584908,4,31.0
1556,"Jayanagar 5th Block, Bengaluru - KSPCB",cpcb,12.920984,77.584908,4,31.0
1556,"Jayanagar 5th Block, Bengaluru - KSPCB",cpcb,12.920984,77.584908,4,34.0
1556,"Jayanagar 5th Block, Bengaluru - KSPCB",cpcb,12.920984,77.584908,5,34.0
1556,"Jayanagar 5th Block, Bengaluru - KSPCB",cpcb,12.920984,77.584908,5,34.0
1556,"Jayanagar 5th Block, Bengaluru - KSPCB",cpcb,12.920984,77.584908,5,34.0
1556,"Jayanagar 5th Block, Bengaluru - KSPCB",cpcb,12.920984,77.584908,5,27.0
1556,"Jayanagar 5th Block, Bengaluru - KSPCB",cpcb,12.920984,77.584908,6,27.0
1556,"Jayanagar 5th Block, Bengaluru - KSPCB",cpcb,12.920984,77.584908,6,27.0
1556,"Jayanagar 5th Block, Bengaluru - KSPCB",cpcb,12.920984,77.584908,6,27.0
1556,"Jayanagar 5th Block, Bengaluru - KSPCB",cpcb,12.920984,77.584908,6,25.0
1556,"Jayanagar 5th Block, Bengaluru - KSPCB",cpcb,12.920984,77.584908,7,25.0
1556,"Jayanagar 5th Block, Bengaluru - KSPCB",cpcb,12.920984,77.584908,7,25.0
1556,"Jayanagar 5th Block, Bengaluru - KSPCB",cpcb,12.920984,77.584908,7,25.0
1556,"Jayanagar 5th Block, Bengaluru - KSPCB",cpcb,12.920984,77.584908,7,30.0
1556,"Jayanagar 5th Block, Bengaluru - KSPCB",cpcb,12.920984,77.584908,8,30.0
1556,"Jayanagar 5th Block, Bengaluru - KSPCB",cpcb,12.920984,77.584908,8,30.0
1556,"Jayanagar 5th Block, Bengaluru - KSPCB",cpcb,12.920984,77.584908,8,30.0
1556,"Jayanagar 5th Block, Bengaluru - KSPCB",cpcb,12.920984,77.584908,8,34.0
1556,"Jayanagar 5th Block, Bengaluru - KSPCB",cpcb,12.920984,77.584908,9,34.0
1556,"Jayanagar 5th Block, Bengaluru - KSPCB",cpcb,12.920984,77.584908,9,34.0
1556,"Jayanagar 5th Block, Bengaluru - KSPCB",cpcb,12.920984,77.584908,9,34.0
1556,"Jayanagar 5th Block, Bengaluru - KSPCB",cpcb,12.920984,77.584908,9,33.0
1556,"Jayanagar 5th Block, Bengaluru - KSPCB",cpcb,12.920984,77.584908,10,33.0
1556,"Jayanagar 5th Block, Bengaluru - KSPCB",cpcb,12.920984,77.584908,10,33.0
1556,"Jayanagar 5th Block, Bengaluru - KSPCB",cpcb,12.920984,77.584908,10,33.0
1556,"Jayanagar 5th Block, Bengaluru - KSPCB",cpcb,12.920984,77.584908,10,34.0
1556,"Jayanagar 5th Block, Bengaluru - KSPCB",cpcb,12.920984,77.584908,11,34.0
1556,"Jayanagar 5th Block, Bengaluru - KSPCB",cpcb,12.920984,77.584908,11,34.0
1556,"Jayanagar 5th Block, Bengaluru - KSPCB",cpcb,12.920984,77.584908,11,34.0
1556,"Jayanagar 5th Block, Bengaluru - KSPCB",cpcb,12.920984,77.584908,11,41.0
1556,"Jayanagar 5th Block, Bengaluru - KSPCB",cpcb,12.920984,77.584908,12,41.0
1556,"Jayanagar 5th Block, Bengaluru - KSPCB",cpcb,12.920984,77.584908,12,41.0
1556,"Jayanagar 5th Block, Bengaluru - KSPCB",cpcb,12.920984,77.584908,12,41.0
1556,"Jayanagar 5th Block, Bengaluru - KSPCB",cpcb,12.920984,77.584908,12,44.0
1556,"Jayanagar 5th Block, Bengaluru - KSPCB",cpcb,12.920984,77.584908,13,44.0
1556,"Jayanagar 5th Block, Bengaluru - KSPCB",cpcb,12.920984,77.584908,13,44.0
1556,"Jayanagar 5th Block, Bengaluru - KSPCB",cpcb,12.920984,77.584908,13,44.0
1556,"Jayanagar 5th Block, Bengaluru - KSPCB",cpcb,12.920984,77.584908,13,32.0
1556,"Jayanagar 5th Block, Bengaluru - KSPCB",cpcb,12.920984,77.584908,14,32.0
1556,"Jayanagar 5th Block, Bengaluru - KSPCB",cpcb,12.920984,77.584908,14,32.0
1556,"Jayanagar 5th Block, Bengaluru - KSPCB",cpcb,12.920984,77.584908,14,32.0
1556,"Jayanagar 5th Block, Bengaluru - KSPCB",cpcb,12.920984,77.584908,14,29.0
1556,"Jayanagar 5th Block, Bengaluru - KSPCB",cpcb,12.920984,77.584908,15,29.0
1556,"Jayanagar 5th Block, Bengaluru - KSPCB",cpcb,12.920984,77.584908,15,29.0
1556,"Jayanagar 5th Block, Bengaluru - KSPCB",cpcb,12.920984,77.584908,15,29.0
1556,"Jayanagar 5th Block, Bengaluru - KSPCB",cpcb,12.920984,77.584908,15,17.0
1556,"Jayanagar 5th Block, Bengaluru - KSPCB",cpcb,12.920984,77.584908,16,17.0
1556,"Jayanagar 5th Block, Bengaluru - KSPCB",cpcb,12.920984,77.584908,16,17.0
1558,"Silk Board, Bengaluru - KSPCB",cpcb,12.917348,77.622813,16,47.0
1558,"Silk Board, Bengaluru - KSPCB",cpcb,12.917348,77.622813,16,47.0
1558,"Silk Board, Bengaluru - KSPCB",cpcb,12.917348,77.622813,16,54.0
1558,"Silk Board, Bengaluru - KSPCB",cpcb,12.917348,77.622813,17,54.0
1558,"Silk Board, Bengaluru - KSPCB",cpcb,12.917348,77.622813,17,54.0
1558,"Silk Board, Bengaluru - KSPCB",cpcb,12.917348,77.622813,17,54.0
1558,"Silk Board, Bengaluru - KSPCB",cpcb,12.917348,77.622813,17,50.0
1558,"Silk Board, Bengaluru - KSPCB",cpcb,12.917348,77.622813,18,50.0
1558,"Silk Board, Bengaluru - KSPCB",cpcb,12.917348,77.622813,18,50.0
1558,"Silk Board, Bengaluru - KSPCB",cpcb,12.917348,77.622813,18,50.0
1558,"Silk Board, Bengaluru - KSPCB",cpcb,12.917348,77.622813,18,52.0
1558,"Silk Board, Bengaluru - KSPCB",cpcb,12.917348,77.622813,19,52.0
1558,"Silk Board, Bengaluru - KSPCB",cpcb,12.917348,77.622813,19,52.0
1558,"Silk Board, Bengaluru - KSPCB",cpcb,12.917348,77.622813,19,52.0
1558,"Silk Board, Bengaluru - KSPCB",cpcb,12.917348,77.622813,19,37.0
1558,"Silk Board, Bengaluru - KSPCB",cpcb,12.917348,77.622813,20,37.0
1558,"Silk Board, Bengaluru - KSPCB",cpcb,12.917348,77.622813,20,37.0
1558,"Silk Board, Bengaluru - KSPCB",cpcb,12.917348,77.622813,20,37.0
1558,"Silk Board, Bengaluru - KSPCB",cpcb,12.917348,77.622813,20,28.0
1558,"Silk Board, Bengaluru - KSPCB",cpcb,12.917348,77.622813,21,28.0
1558,"Silk Board, Bengaluru - KSPCB",cpcb,12.917348,77.622813,21,28.0
1558,"Silk Board, Bengaluru - KSPCB",cpcb,12.917348,77.622813,21,28.0
1558,"Silk Board, Bengaluru - KSPCB",cpcb,12.917348,77.622813,21,28.0
1558,"Silk Board, Bengaluru - KSPCB",cpcb,12.917348,77.622813,22,28.0
1558,"Silk Board, Bengaluru - KSPCB",cpcb,12.917348,77.622813,22,28.0
1558,"Silk Board, Bengaluru - KSPCB",cpcb,12.917348,77.622813,22,28.0
1558,"Silk Board, Bengaluru - KSPCB",cpcb,12.917348,77.622813,22,32.0
1558,"Silk Board, Bengaluru - KSPCB",cpcb,12.917348,77.622813,23,32.0
1558,"Silk Board, Bengaluru - KSPCB",cpcb,12.917348,77.622813,23,32.0
1558,"Silk Board, Bengaluru - KSPCB",cpcb,12.917348,77.622813,23,32.0
1558,"Silk Board, Bengaluru - KSPCB",cpcb,12.917348,77.622813,23,18.0
1558,"Silk Board, Bengaluru - KSPCB",cpcb,12.917348,77.622813,0,18.0
1558,"Silk Board, Bengaluru - KSPCB",cpcb,12.917348,77.622813,0,18.0
1558,"Silk Board, Bengaluru - KSPCB",cpcb,12.917348,77.622813,0,18.0
1558,"Silk Board, Bengaluru - KSPCB",cpcb,12.917348,77.622813,0,13.0
1558,"Silk Board, Bengaluru - KSPCB",cpcb,12.917348,77.622813,1,13.0
1558,"Silk Board, Bengaluru - KSPCB",cpcb,12.917348,77.622813,1,13.0
1558,"Silk Board, Bengaluru - KSPCB",cpcb,12.917348,77.622813,1,13.0
1558,"Silk Board, Bengaluru - KSPCB",cpcb,12.917348,77.622813,1,19.0
1558,"Silk Board, Bengaluru - KSPCB",cpcb,12.917348,77.622813,2,19.0
1558,"Silk Board, Bengaluru - KSPCB",cpcb,12.917348,77.622813,2,19.0
1558,"Silk Board, Bengaluru - KSPCB",cpcb,12.917348,77.622813,2,19.0
1558,"Silk Board, Bengaluru - KSPCB",cpcb,12.917348,77.622813,2,3.0
1558,"Silk Board, Bengaluru - KSPCB",cpcb,12.917348,77.622813,3,3.0
1558,"Silk Board, Bengaluru - KSPCB",cpcb,12.917348,77.622813,3,3.0
1558,"Silk Board, Bengaluru - KSPCB",cpcb,12.917348,77.622813,3,3.0
1558,"Silk Board, Bengaluru - KSPCB",cpcb,12.917348,77.622813,3,15.0
1558,"Silk Board, Bengaluru - KSPCB",cpcb,12.917348,77.622813,4,15.0
1558,"Silk Board, Bengaluru - KSPCB",cpcb,12.917348,77.622813,4,15.0
1558,"Silk Board, Bengaluru - KSPCB",cpcb,12.917348,77.622813,4,29.0
1558,"Silk Board, Bengaluru - KSPCB",cpcb,12.917348,77.622813,5,29.0
1558,"Silk Board, Bengaluru - KSPCB",cpcb,12.917348,77.622813,5,29.0
1558,"Silk Board, Bengaluru - KSPCB",cpcb,12.917348,77.622813,5,29.0
1558,"Silk Board, Bengaluru - KSPCB",cpcb,12.917348,77.622813,5,39.0
1558,"Silk Board, Bengaluru - KSPCB",cpcb,12.917348,77.622813,6,39.0
1558,"Silk Board, Bengaluru - KSPCB",cpcb,12.917348,77.622813,6,39.0
1558,"Silk Board, Bengaluru - KSPCB",cpcb,12.917348,77.622813,6,39.0
1558,"Silk Board, Bengaluru - KSPCB",cpcb,12.917348,77.622813,6,22.0
1558,"Silk Board, Bengaluru - KSPCB",cpcb,12.917348,77.622813,7,22.0
1558,"Silk Board, Bengaluru - KSPCB",cpcb,12.917348,77.622813,7,22.0
1558,"Silk Board, Bengaluru - KSPCB",cpcb,12.917348,77.622813,7,22.0
1558,"Silk Board, Bengaluru - KSPCB",cpcb,12.917348,77.622813,7,32.0
1558,"Silk Board, Bengaluru - KSPCB",cpcb,12.917348,77.622813,8,32.0
1558,"Silk Board, Bengaluru - KSPCB",cpcb,12.917348,77.622813,8,32.0
1558,"Silk Board, Bengaluru - KSPCB",cpcb,12.917348,77.622813,8,32.0
1558,"Silk Board, Bengaluru - KSPCB",cpcb,12.917348,77.622813,8,44.0
1558,"Silk Board, Bengaluru - KSPCB",cpcb,12.917348,77.622813,9,44.0
1558,"Silk Board, Bengaluru - KSPCB",cpcb,12.917348,77.622813,9,44.0
1558,"Silk Board, Bengaluru - KSPCB",cpcb,12.917348,77.622813,9,44.0
1558,"Silk Board, Bengaluru - KSPCB",cpcb,12.917348,77.622813,9,78.0
1558,"Silk Board, Bengaluru - KSPCB",cpcb,12.917348,77.622813,10,78.0
1558,"Silk Board, Bengaluru - KSPCB",cpcb,12.917348,77.622813,10,78.0
1558,"Silk Board, Bengaluru - KSPCB",cpcb,12.917348,77.622813,10,78.0
1558,"Silk Board, Bengaluru - KSPCB",cpcb,12.917348,77.622813,10,78.0
1558,"Silk Board, Bengaluru - KSPCB",cpcb,12.917348,77.622813,11,78.0
1558,"Silk Board, Bengaluru - KSPCB",cpcb,12.917348,77.622813,11,78.0
1558,"Silk Board, Bengaluru - KSPCB",cpcb,12.917348,77.622813,11,78.0
1558,"Silk Board, Bengaluru - KSPCB",cpcb,12.917348,77.622813,11,78.0
1558,"Silk Board, Bengaluru - KSPCB",cpcb,12.917348,77.622813,12,78.0
1558,"Silk Board, Bengaluru - KSPCB",cpcb,12.917348,77.622813,12,78.0
1558,"Silk Board, Bengaluru - KSPCB",cpcb,12.917348,77.622813,12,78.0
1558,"Silk Board, Bengaluru - KSPCB",cpcb,12.917348,77.622813,13,52.0
1558,"Silk Board, Bengaluru - KSPCB",cpcb,12.917348,77.622813,14,52.0
1558,"Silk Board, Bengaluru - KSPCB",cpcb,12.917348,77.622813,14,52.0
1558,"Silk Board, Bengaluru - KSPCB",cpcb,12.917348,77.622813,14,52.0
1558,"Silk Board, Bengaluru - KSPCB",cpcb,12.917348,77.622813,14,63.0
1558,"Silk Board, Bengaluru - KSPCB",cpcb,12.917348,77.622813,15,63.0
1558,"Silk Board, Bengaluru - KSPCB",cpcb,12.917348,77.622813,15,63.0
1558,"Silk Board, Bengaluru - KSPCB",cpcb,12.917348,77.622813,15,63.0
162,"BTM Layout, Bengaluru - CPCB",cpcb,12.9135218,77.5950804,16,17.32
162,"BTM Layout, Bengaluru - CPCB",cpcb,12.9135218,77.5950804,16,17.07
162,"BTM Layout, Bengaluru - CPCB",cpcb,12.9135218,77.5950804,16,17.09
162,"BTM Layout, Bengaluru - CPCB",cpcb,12.9135218,77.5950804,17,17.07
162,"BTM Layout, Bengaluru - CPCB",cpcb,12.9135218,77.5950804,17,16.35
162,"BTM Layout, Bengaluru - CPCB",cpcb,12.9135218,77.5950804,17,16.2
162,"BTM Layout, Bengaluru - CPCB",cpcb,12.9135218,77.5950804,17,16.12
162,"BTM Layout, Bengaluru - CPCB",cpcb,12.9135218,77.5950804,18,16.23
162,"BTM Layout, Bengaluru - CPCB",cpcb,12.9135218,77.5950804,18,16.06
162,"BTM Layout, Bengaluru - CPCB",cpcb,12.9135218,77.5950804,18,15.83
162,"BTM Layout, Bengaluru - CPCB",cpcb,12.9135218,77.5950804,18,15.97
162,"BTM Layout, Bengaluru - CPCB",cpcb,12.9135218,77.5950804,19,15.93
162,"BTM Layout, Bengaluru - CPCB",cpcb,12.9135218,77.5950804,19,16.55
162,"BTM Layout, Bengaluru - CPCB",cpcb,12.9135218,77.5950804,19,16.51
162,"BTM Layout, Bengaluru - CPCB",cpcb,12.9135218,77.5950804,19,16.62
162,"BTM Layout, Bengaluru - CPCB",cpcb,12.9135218,77.5950804,20,16.61
162,"BTM Layout, Bengaluru - CPCB",cpcb,12.9135218,77.5950804,20,18.92
162,"BTM Layout, Bengaluru - CPCB",cpcb,12.9135218,77.5950804,20,19.18
162,"BTM Layout, Bengaluru - CPCB",cpcb,12.9135218,77.5950804,20,19.08
162,"BTM Layout, Bengaluru - CPCB",cpcb,12.9135218,77.5950804,21,19.18
162,"BTM Layout, Bengaluru - CPCB",cpcb,12.9135218,77.5950804,21,17.41
162,"BTM Layout, Bengaluru - CPCB",cpcb,12.9135218,77.5950804,21,17.3
162,"BTM Layout, Bengaluru - CPCB",cpcb,12.9135218,77.5950804,21,17.27
162,"BTM Layout, Bengaluru - CPCB",cpcb,12.9135218,77.5950804,22,17.28
162,"BTM Layout, Bengaluru - CPCB",cpcb,12.9135218,77.5950804,22,22.41
162,"BTM Layout, Bengaluru - CPCB",cpcb,12.9135218,77.5950804,22,22.82
162,"BTM Layout, Bengaluru - CPCB",cpcb,12.9135218,77.5950804,22,22.93
162,"BTM Layout, Bengaluru - CPCB",cpcb,12.9135218,77.5950804,23,22.89
162,"BTM Layout, Bengaluru - CPCB",cpcb,12.9135218,77.5950804,23,25.6
162,"BTM Layout, Bengaluru - CPCB",cpcb,12.9135218,77.5950804,23,25.95
162,"BTM Layout, Bengaluru - CPCB",cpcb,12.9135218,77.5950804,23,25.9
162,"BTM Layout, Bengaluru - CPCB",cpcb,12.9135218,77.5950804,0,25.87
162,"BTM Layout, Bengaluru - CPCB",cpcb,12.9135218,77.5950804,0,22.52
162,"BTM Layout, Bengaluru - CPCB",cpcb,12.9135218,77.5950804,0,22.39
162,"BTM Layout, Bengaluru - CPCB",cpcb,12.9135218,77.5950804,0,22.35
162,"BTM Layout, Bengaluru - CPCB",cpcb,12.9135218,77.5950804,1,22.39
162,"BTM Layout, Bengaluru - CPCB",cpcb,12.9135218,77.5950804,1,19.28
162,"BTM Layout, Bengaluru - CPCB",cpcb,12.9135218,77.5950804,1,18.98
162,"BTM Layout, Bengaluru - CPCB",cpcb,12.9135218,77.5950804,1,19.03
162,"BTM Layout, Bengaluru - CPCB",cpcb,12.9135218,77.5950804,2,19.0
162,"BTM Layout, Bengaluru - CPCB",cpcb,12.9135218,77.5950804,2,21.42
162,"BTM Layout, Bengaluru - CPCB",cpcb,12.9135218,77.5950804,2,21.52
162,"BTM Layout, Bengaluru - CPCB",cpcb,12.9135218,77.5950804,2,21.43
162,"BTM Layout, Bengaluru - CPCB",cpcb,12.9135218,77.5950804,3,21.5
162,"BTM Layout, Bengaluru - CPCB",cpcb,12.9135218,77.5950804,3,18.49
162,"BTM Layout, Bengaluru - CPCB",cpcb,12.9135218,77.5950804,3,18.25
162,"BTM Layout, Bengaluru - CPCB",cpcb,12.9135218,77.5950804,3,18.35
162,"BTM Layout, Bengaluru - CPCB",cpcb,12.9135218,77.5950804,4,18.21
162,"BTM Layout, Bengaluru - CPCB",cpcb,12.9135218,77.5950804,4,27.33
162,"BTM Layout, Bengaluru - CPCB",cpcb,12.9135218,77.5950804,4,27.38
162,"BTM Layout, Bengaluru - CPCB",cpcb,12.9135218,77.5950804,5,27.41
162,"BTM Layout, Bengaluru - CPCB",cpcb,12.9135218,77.5950804,5,21.92
162,"BTM Layout, Bengaluru - CPCB",cpcb,12.9135218,77.5950804,5,21.44
162,"BTM Layout, Bengaluru - CPCB",cpcb,12.9135218,77.5950804,5,21.33
162,"BTM Layout, Bengaluru - CPCB",cpcb,12.9135218,77.5950804,6,21.25
162,"BTM Layout, Bengaluru - CPCB",cpcb,12.9135218,77.5950804,6,18.35
162,"BTM Layout, Bengaluru - CPCB",cpcb,12.9135218,77.5950804,6,18.17
162,"BTM Layout, Bengaluru - CPCB",cpcb,12.9135218,77.5950804,6,18.16
162,"BTM Layout, Bengaluru - CPCB",cpcb,12.9135218,77.5950804,7,18.14
162,"BTM Layout, Bengaluru - CPCB",cpcb,12.9135218,77.5950804,7,26.66
162,"BTM Layout, Bengaluru - CPCB",cpcb,12.9135218,77.5950804,7,27.16
162,"BTM Layout, Bengaluru - CPCB",cpcb,12.9135218,77.5950804,7,27.09
162,"BTM Layout, Bengaluru - CPCB",cpcb,12.9135218,77.5950804,8,27.08
162,"BTM Layout, Bengaluru - CPCB",cpcb,12.9135218,77.5950804,8,25.68
162,"BTM Layout, Bengaluru - CPCB",cpcb,12.9135218,77.5950804,8,25.47
162,"BTM Layout, Bengaluru - CPCB",cpcb,12.9135218,77.5950804,8,25.42
162,"BTM Layout, Bengaluru - CPCB",cpcb,12.9135218,77.5950804,9,25.34
162,"BTM Layout, Bengaluru - CPCB",cpcb,12.9135218,77.5950804,9,23.33
162,"BTM Layout, Bengaluru - CPCB",cpcb,12.9135218,77.5950804,9,23.03
162,"BTM Layout, Bengaluru - CPCB",cpcb,12.9135218,77.5950804,9,22.98
162,"BTM Layout, Bengaluru - CPCB",cpcb,12.9135218,77.5950804,10,23.03
162,"BTM Layout, Bengaluru - CPCB",cpcb,12.9135218,77.5950804,10,20.78
162,"BTM Layout, Bengaluru - CPCB",cpcb,12.9135218,77.5950804,10,20.73
162,"BTM Layout, Bengaluru - CPCB",cpcb,12.9135218,77.5950804,10,20.81
162,"BTM Layout, Bengaluru - CPCB",cpcb,12.9135218,77.5950804,11,20.79
162,"BTM Layout, Bengaluru - CPCB",cpcb,12.9135218,77.5950804,11,25.4
162,"BTM Layout, Bengaluru - CPCB",cpcb,12.9135218,77.5950804,11,25.68
162,"BTM Layout, Bengaluru - CPCB",cpcb,12.9135218,77.5950804,11,25.75
162,"BTM Layout, Bengaluru - CPCB",cpcb,12.9135218,77.5950804,12,25.79
162,"BTM Layout, Bengaluru - CPCB",cpcb,12.9135218,77.5950804,12,21.03
162,"BTM Layout, Bengaluru - CPCB",cpcb,12.9135218,77.5950804,12,20.77
162,"BTM Layout, Bengaluru - CPCB",cpcb,12.9135218,77.5950804,12,20.75
162,"BTM Layout, Bengaluru - CPCB",cpcb,12.9135218,77.5950804,13,20.9
162,"BTM Layout, Bengaluru - CPCB",cpcb,12.9135218,77.5950804,13,22.12
162,"BTM Layout, Bengaluru - CPCB",cpcb,12.9135218,77.5950804,13,22.25
162,"BTM Layout, Bengaluru - CPCB",cpcb,12.9135218,77.5950804,13,22.23
162,"BTM Layout, Bengaluru - CPCB",cpcb,12.9135218,77.5950804,14,22.26
162,"BTM Layout, Bengaluru - CPCB",cpcb,12.9135218,77.5950804,14,21.48
162,"BTM Layout, Bengaluru - CPCB",cpcb,12.9135218,77.5950804,14,21.35
162,"BTM Layout, Bengaluru - CPCB",cpcb,12.9135218,77.5950804,14,21.34
162,"BTM Layout, Bengaluru - CPCB",cpcb,12.9135218,77.5950804,15,21.41
162,"BTM Layout, Bengaluru - CPCB",cpcb,12.9135218,77.5950804,15,19.58
162,"BTM Layout, Bengaluru - CPCB",cpcb,12.9135218,77.5950804,15,19.41
162,"BTM Layout, Bengaluru - CPCB",cpcb,12.9135218,77.5950804,15,19.4
162,"BTM Layout, Bengaluru - CPCB",cpcb,12.9135218,77.5950804,16,19.46
162,"BTM Layout, Bengaluru - CPCB",cpcb,12.9135218,77.5950804,16,17.72
5678,"RVCE-Mailasandra, Bengaluru - KSPCB",cpcb,12.921418,77.502466,16,31.39
5678,"RVCE-Mailasandra, Bengaluru - KSPCB",cpcb,12.921418,77.502466,16,31.39
5678,"RVCE-Mailasandra, Bengaluru - KSPCB",cpcb,12.921418,77.502466,16,31.39
5678,"RVCE-Mailasandra, Bengaluru - KSPCB",cpcb,12.921418,77.502466,17,34.29
5678,"RVCE-Mailasandra, Bengaluru - KSPCB",cpcb,12.921418,77.502466,17,36.95
5678,"RVCE-Mailasandra, Bengaluru - KSPCB",cpcb,12.921418,77.502466,17,36.95
5678,"RVCE-Mailasandra, Bengaluru - KSPCB",cpcb,12.921418,77.502466,17,36.95
5678,"RVCE-Mailasandra, Bengaluru - KSPCB",cpcb,12.921418,77.502466,18,39.9
5678,"RVCE-Mailasandra, Bengaluru - KSPCB",cpcb,12.921418,77.502466,18,42.59
5678,"RVCE-Mailasandra, Bengaluru - KSPCB",cpcb,12.921418,77.502466,18,42.59
5678,"RVCE-Mailasandra, Bengaluru - KSPCB",cpcb,12.921418,77.502466,18,42.59
5678,"RVCE-Mailasandra, Bengaluru - KSPCB",cpcb,12.921418,77.502466,19,42.08
5678,"RVCE-Mailasandra, Bengaluru - KSPCB",cpcb,12.921418,77.502466,19,41.61
5678,"RVCE-Mailasandra, Bengaluru - KSPCB",cpcb,12.921418,77.502466,19,41.61
5678,"RVCE-Mailasandra, Bengaluru - KSPCB",cpcb,12.921418,77.502466,19,41.61
5678,"RVCE-Mailasandra, Bengaluru - KSPCB",cpcb,12.921418,77.502466,20,45.89
5678,"RVCE-Mailasandra, Bengaluru - KSPCB",cpcb,12.921418,77.502466,20,49.81
5678,"RVCE-Mailasandra, Bengaluru - KSPCB",cpcb,12.921418,77.502466,20,49.81
5678,"RVCE-Mailasandra, Bengaluru - KSPCB",cpcb,12.921418,77.502466,20,49.81
5678,"RVCE-Mailasandra, Bengaluru - KSPCB",cpcb,12.921418,77.502466,21,48.88
5678,"RVCE-Mailasandra, Bengaluru - KSPCB",cpcb,12.921418,77.502466,21,48.02
5678,"RVCE-Mailasandra, Bengaluru - KSPCB",cpcb,12.921418,77.502466,21,48.02
5678,"RVCE-Mailasandra, Bengaluru - KSPCB",cpcb,12.921418,77.502466,21,48.02
5678,"RVCE-Mailasandra, Bengaluru - KSPCB",cpcb,12.921418,77.502466,22,46.95
5678,"RVCE-Mailasandra, Bengaluru - KSPCB",cpcb,12.921418,77.502466,22,45.97
5678,"RVCE-Mailasandra, Bengaluru - KSPCB",cpcb,12.921418,77.502466,22,45.97
5678,"RVCE-Mailasandra, Bengaluru - KSPCB",cpcb,12.921418,77.502466,22,45.97
5678,"RVCE-Mailasandra, Bengaluru - KSPCB",cpcb,12.921418,77.502466,23,43.47
5678,"RVCE-Mailasandra, Bengaluru - KSPCB",cpcb,12.921418,77.502466,23,41.18
5678,"RVCE-Mailasandra, Bengaluru - KSPCB",cpcb,12.921418,77.502466,23,41.18
5678,"RVCE-Mailasandra, Bengaluru - KSPCB",cpcb,12.921418,77.502466,23,41.18
5678,"RVCE-Mailasandra, Bengaluru - KSPCB",cpcb,12.921418,77.502466,0,42.57
5678,"RVCE-Mailasandra, Bengaluru - KSPCB",cpcb,12.921418,77.502466,0,43.84
5678,"RVCE-Mailasandra, Bengaluru - KSPCB",cpcb,12.921418,77.502466,0,43.84
5678,"RVCE-Mailasandra, Bengaluru - KSPCB",cpcb,12.921418,77.502466,0,43.84
5678,"RVCE-Mailasandra, Bengaluru - KSPCB",cpcb,12.921418,77.502466,1,44.56
5678,"RVCE-Mailasandra, Bengaluru - KSPCB",cpcb,12.921418,77.502466,1,45.22
5678,"RVCE-Mailasandra, Bengaluru - KSPCB",cpcb,12.921418,77.502466,1,45.22
5678,"RVCE-Mailasandra, Bengaluru - KSPCB",cpcb,12.921418,77.502466,1,45.22
5678,"RVCE-Mailasandra, Bengaluru - KSPCB",cpcb,12.921418,77.502466,2,45.29
5678,"RVCE-Mailasandra, Bengaluru - KSPCB",cpcb,12.921418,77.502466,2,45.36
5678,"RVCE-Mailasandra, Bengaluru - KSPCB",cpcb,12.921418,77.502466,2,45.36
5678,"RVCE-Mailasandra, Bengaluru - KSPCB",cpcb,12.921418,77.502466,2,45.36
5678,"RVCE-Mailasandra, Bengaluru - KSPCB",cpcb,12.921418,77.502466,3,42.03
5678,"RVCE-Mailasandra, Bengaluru - KSPCB",cpcb,12.921418,77.502466,3,38.99
5678,"RVCE-Mailasandra, Bengaluru - KSPCB",cpcb,12.921418,77.502466,3,38.99
5678,"RVCE-Mailasandra, Bengaluru - KSPCB",cpcb,12.921418,77.502466,3,38.99
5678,"RVCE-Mailasandra, Bengaluru - KSPCB",cpcb,12.921418,77.502466,4,39.8
5678,"RVCE-Mailasandra, Bengaluru - KSPCB",cpcb,12.921418,77.502466,4,40.54
5678,"RVCE-Mailasandra, Bengaluru - KSPCB",cpcb,12.921418,77.502466,4,40.54
5678,"RVCE-Mailasandra, Bengaluru - KSPCB",cpcb,12.921418,77.502466,5,38.38
5678,"RVCE-Mailasandra, Bengaluru - KSPCB",cpcb,12.921418,77.502466,5,36.4
5678,"RVCE-Mailasandra, Bengaluru - KSPCB",cpcb,12.921418,77.502466,5,36.4
5678,"RVCE-Mailasandra, Bengaluru - KSPCB",cpcb,12.921418,77.502466,5,36.4
5678,"RVCE-Mailasandra, Bengaluru - KSPCB",cpcb,12.921418,77.502466,6,37.2
5678,"RVCE-Mailasandra, Bengaluru - KSPCB",cpcb,12.921418,77.502466,6,37.94
5678,"RVCE-Mailasandra, Bengaluru - KSPCB",cpcb,12.921418,77.502466,6,37.94
5678,"RVCE-Mailasandra, Bengaluru - KSPCB",cpcb,12.921418,77.502466,6,37.94
5678,"RVCE-Mailasandra, Bengaluru - KSPCB",cpcb,12.921418,77.502466,7,36.91
5678,"RVCE-Mailasandra, Bengaluru - KSPCB",cpcb,12.921418,77.502466,7,35.97
5678,"RVCE-Mailasandra, Bengaluru - KSPCB",cpcb,12.921418,77.502466,7,35.97
5678,"RVCE-Mailasandra, Bengaluru - KSPCB",cpcb,12.921418,77.502466,7,35.97
5678,"RVCE-Mailasandra, Bengaluru - KSPCB",cpcb,12.921418,77.502466,8,29.64
5678,"RVCE-Mailasandra, Bengaluru - KSPCB",cpcb,12.921418,77.502466,8,23.84
5678,"RVCE-Mailasandra, Bengaluru - KSPCB",cpcb,12.921418,77.502466,8,23.84
5678,"RVCE-Mailasandra, Bengaluru - KSPCB",cpcb,12.921418,77.502466,8,23.84
5678,"RVCE-Mailasandra, Bengaluru - KSPCB",cpcb,12.921418,77.502466,9,19.0
5678,"RVCE-Mailasandra, Bengaluru - KSPCB",cpcb,12.921418,77.502466,9,14.56
5678,"RVCE-Mailasandra, Bengaluru - KSPCB",cpcb,12.921418,77.502466,9,14.56
5678,"RVCE-Mailasandra, Bengaluru - KSPCB",cpcb,12.921418,77.502466,9,14.56
5678,"RVCE-Mailasandra, Bengaluru - KSPCB",cpcb,12.921418,77.502466,10,12.13
5678,"RVCE-Mailasandra, Bengaluru - KSPCB",cpcb,12.921418,77.502466,10,9.91
5678,"RVCE-Mailasandra, Bengaluru - KSPCB",cpcb,12.921418,77.502466,10,9.91
5678,"RVCE-Mailasandra, Bengaluru - KSPCB",cpcb,12.921418,77.502466,10,9.91
5678,"RVCE-Mailasandra, Bengaluru - KSPCB",cpcb,12.921418,77.502466,11,8.05
5678,"RVCE-Mailasandra, Bengaluru - KSPCB",cpcb,12.921418,77.502466,11,6.34
5678,"RVCE-Mailasandra, Bengaluru - KSPCB",cpcb,12.921418,77.502466,11,6.34
5678,"RVCE-Mailasandra, Bengaluru - KSPCB",cpcb,12.921418,77.502466,11,6.34
5678,"RVCE-Mailasandra, Bengaluru - KSPCB",cpcb,12.921418,77.502466,12,5.22
5678,"RVCE-Mailasandra, Bengaluru - KSPCB",cpcb,12.921418,77.502466,12,4.19
5678,"RVCE-Mailasandra, Bengaluru - KSPCB",cpcb,12.921418,77.502466,12,4.19
5678,"RVCE-Mailasandra, Bengaluru - KSPCB",cpcb,12.921418,77.502466,12,4.19
5678,"RVCE-Mailasandra, Bengaluru - KSPCB",cpcb,12.921418,77.502466,13,9.85
5678,"RVCE-Mailasandra, Bengaluru - KSPCB",cpcb,12.921418,77.502466,13,15.03
5678,"RVCE-Mailasandra, Bengaluru - KSPCB",cpcb,12.921418,77.502466,13,15.03
5678,"RVCE-Mailasandra, Bengaluru - KSPCB",cpcb,12.921418,77.502466,13,15.03
5678,"RVCE-Mailasandra, Bengaluru - KSPCB",cpcb,12.921418,77.502466,14,17.96
5678,"RVCE-Mailasandra, Bengaluru - KSPCB",cpcb,12.921418,77.502466,14,20.65
5678,"RVCE-Mailasandra, Bengaluru - KSPCB",cpcb,12.921418,77.502466,14,20.65
5678,"RVCE-Mailasandra, Bengaluru - KSPCB",cpcb,12.921418,77.502466,14,20.65
5678,"RVCE-Mailasandra, Bengaluru - KSPCB",cpcb,12.921418,77.502466,15,31.73
5678,"RVCE-Mailasandra, Bengaluru - KSPCB",cpcb,12.921418,77.502466,15,41.87
5678,"RVCE-Mailasandra, Bengaluru - KSPCB",cpcb,12.921418,77.502466,15,41.87
5678,"RVCE-Mailasandra, Bengaluru - KSPCB",cpcb,12.921418,77.502466,15,41.87
5678,"RVCE-Mailasandra, Bengaluru - KSPCB",cpcb,12.921418,77.502466,16,51.28
5678,"RVCE-Mailasandra, Bengaluru - KSPCB",cpcb,12.921418,77.502466,16,59.88
5686,"Shivapura_Peenya, Bengaluru - KSPCB",cpcb,13.0246342,77.5080115,16,21.62
5686,"Shivapura_Peenya, Bengaluru - KSPCB",cpcb,13.0246342,77.5080115,16,21.62
5686,"Shivapura_Peenya, Bengaluru - KSPCB",cpcb,13.0246342,77.5080115,16,21.62
5686,"Shivapura_Peenya, Bengaluru - KSPCB",cpcb,13.0246342,77.5080115,17,21.55
5686,"Shivapura_Peenya, Bengaluru - KSPCB",cpcb,13.0246342,77.5080115,17,21.54
5686,"Shivapura_Peenya, Bengaluru - KSPCB",cpcb,13.0246342,77.5080115,17,21.54
5686,"Shivapura_Peenya, Bengaluru - KSPCB",cpcb,13.0246342,77.5080115,17,21.54
5686,"Shivapura_Peenya, Bengaluru - KSPCB",cpcb,13.0246342,77.5080115,18,19.75
5686,"Shivapura_Peenya, Bengaluru - KSPCB",cpcb,13.0246342,77.5080115,18,19.48
5686,"Shivapura_Peenya, Bengaluru - KSPCB",cpcb,13.0246342,77.5080115,18,19.48
5686,"Shivapura_Peenya, Bengaluru - KSPCB",cpcb,13.0246342,77.5080115,18,19.48
5686,"Shivapura_Peenya, Bengaluru - KSPCB",cpcb,13.0246342,77.5080115,19,18.23
5686,"Shivapura_Peenya, Bengaluru - KSPCB",cpcb,13.0246342,77.5080115,19,18.04
5686,"Shivapura_Peenya, Bengaluru - KSPCB",cpcb,13.0246342,77.5080115,19,18.04
5686,"Shivapura_Peenya, Bengaluru - KSPCB",cpcb,13.0246342,77.5080115,19,18.04
5686,"Shivapura_Peenya, Bengaluru - KSPCB",cpcb,13.0246342,77.5080115,20,17.16
5686,"Shivapura_Peenya, Bengaluru - KSPCB",cpcb,13.0246342,77.5080115,20,17.03
5686,"Shivapura_Peenya, Bengaluru - KSPCB",cpcb,13.0246342,77.5080115,20,17.03
5686,"Shivapura_Peenya, Bengaluru - KSPCB",cpcb,13.0246342,77.5080115,20,17.03
5686,"Shivapura_Peenya, Bengaluru - KSPCB",cpcb,13.0246342,77.5080115,21,16.41
5686,"Shivapura_Peenya, Bengaluru - KSPCB",cpcb,13.0246342,77.5080115,21,16.33
5686,"Shivapura_Peenya, Bengaluru - KSPCB",cpcb,13.0246342,77.5080115,21,16.33
5686,"Shivapura_Peenya, Bengaluru - KSPCB",cpcb,13.0246342,77.5080115,21,16.33
5686,"Shivapura_Peenya, Bengaluru - KSPCB",cpcb,13.0246342,77.5080115,22,15.92
5686,"Shivapura_Peenya, Bengaluru - KSPCB",cpcb,13.0246342,77.5080115,22,15.87
5686,"Shivapura_Peenya, Bengaluru - KSPCB",cpcb,13.0246342,77.5080115,22,15.87
5686,"Shivapura_Peenya, Bengaluru - KSPCB",cpcb,13.0246342,77.5080115,22,15.87
5686,"Shivapura_Peenya, Bengaluru - KSPCB",cpcb,13.0246342,77.5080115,23,15.6
5686,"Shivapura_Peenya, Bengaluru - KSPCB",cpcb,13.0246342,77.5080115,23,15.56
5686,"Shivapura_Peenya, Bengaluru - KSPCB",cpcb,13.0246342,77.5080115,23,15.56
5686,"Shivapura_Peenya, Bengaluru - KSPCB",cpcb,13.0246342,77.5080115,23,15.56
5686,"Shivapura_Peenya, Bengaluru - KSPCB",cpcb,13.0246342,77.5080115,0,15.37
5686,"Shivapura_Peenya, Bengaluru - KSPCB",cpcb,13.0246342,77.5080115,0,15.35
5686,"Shivapura_Peenya, Bengaluru - KSPCB",cpcb,13.0246342,77.5080115,0,15.35
5686,"Shivapura_Peenya, Bengaluru - KSPCB",cpcb,13.0246342,77.5080115,0,15.35
5686,"Shivapura_Peenya, Bengaluru - KSPCB",cpcb,13.0246342,77.5080115,1,15.22
5686,"Shivapura_Peenya, Bengaluru - KSPCB",cpcb,13.0246342,77.5080115,1,15.2
5686,"Shivapura_Peenya, Bengaluru - KSPCB",cpcb,13.0246342,77.5080115,1,15.2
5686,"Shivapura_Peenya, Bengaluru - KSPCB",cpcb,13.0246342,77.5080115,1,15.2
5686,"Shivapura_Peenya, Bengaluru - KSPCB",cpcb,13.0246342,77.5080115,2,15.11
5686,"Shivapura_Peenya, Bengaluru - KSPCB",cpcb,13.0246342,77.5080115,2,15.1
5686,"Shivapura_Peenya, Bengaluru - KSPCB",cpcb,13.0246342,77.5080115,2,15.1
5686,"Shivapura_Peenya, Bengaluru - KSPCB",cpcb,13.0246342,77.5080115,2,15.1
5686,"Shivapura_Peenya, Bengaluru - KSPCB",cpcb,13.0246342,77.5080115,3,15.14
5686,"Shivapura_Peenya, Bengaluru - KSPCB",cpcb,13.0246342,77.5080115,3,15.15
5686,"Shivapura_Peenya, Bengaluru - KSPCB",cpcb,13.0246342,77.5080115,3,15.15
5686,"Shivapura_Peenya, Bengaluru - KSPCB",cpcb,13.0246342,77.5080115,3,15.15
5686,"Shivapura_Peenya, Bengaluru - KSPCB",cpcb,13.0246342,77.5080115,4,15.55
5686,"Shivapura_Peenya, Bengaluru - KSPCB",cpcb,13.0246342,77.5080115,4,15.61
5686,"Shivapura_Peenya, Bengaluru - KSPCB",cpcb,13.0246342,77.5080115,4,15.61
5686,"Shivapura_Peenya, Bengaluru - KSPCB",cpcb,13.0246342,77.5080115,5,15.68
5686,"Shivapura_Peenya, Bengaluru - KSPCB",cpcb,13.0246342,77.5080115,5,15.69
5686,"Shivapura_Peenya, Bengaluru - KSPCB",cpcb,13.0246342,77.5080115,5,15.69
5686,"Shivapura_Peenya, Bengaluru - KSPCB",cpcb,13.0246342,77.5080115,5,15.69
5686,"Shivapura_Peenya, Bengaluru - KSPCB",cpcb,13.0246342,77.5080115,6,15.89
5686,"Shivapura_Peenya, Bengaluru - KSPCB",cpcb,13.0246342,77.5080115,6,15.92
5686,"Shivapura_Peenya, Bengaluru - KSPCB",cpcb,13.0246342,77.5080115,6,15.92
5686,"Shivapura_Peenya, Bengaluru - KSPCB",cpcb,13.0246342,77.5080115,6,15.92
5686,"Shivapura_Peenya, Bengaluru - KSPCB",cpcb,13.0246342,77.5080115,7,16.26
5686,"Shivapura_Peenya, Bengaluru - KSPCB",cpcb,13.0246342,77.5080115,7,16.31
5686,"Shivapura_Peenya, Bengaluru - KSPCB",cpcb,13.0246342,77.5080115,7,16.31
5686,"Shivapura_Peenya, Bengaluru - KSPCB",cpcb,13.0246342,77.5080115,7,16.31
5686,"Shivapura_Peenya, Bengaluru - KSPCB",cpcb,13.0246342,77.5080115,8,16.48
5686,"Shivapura_Peenya, Bengaluru - KSPCB",cpcb,13.0246342,77.5080115,8,16.5
5686,"Shivapura_Peenya, Bengaluru - KSPCB",cpcb,13.0246342,77.5080115,8,16.5
5686,"Shivapura_Peenya, Bengaluru - KSPCB",cpcb,13.0246342,77.5080115,8,16.5
5686,"Shivapura_Peenya, Bengaluru - KSPCB",cpcb,13.0246342,77.5080115,9,16.81
5686,"Shivapura_Peenya, Bengaluru - KSPCB",cpcb,13.0246342,77.5080115,9,16.86
5686,"Shivapura_Peenya, Bengaluru - KSPCB",cpcb,13.0246342,77.5080115,9,16.86
5686,"Shivapura_Peenya, Bengaluru - KSPCB",cpcb,13.0246342,77.5080115,9,16.86
5686,"Shivapura_Peenya, Bengaluru - KSPCB",cpcb,13.0246342,77.5080115,10,16.98
5686,"Shivapura_Peenya, Bengaluru - KSPCB",cpcb,13.0246342,77.5080115,10,17.0
5686,"Shivapura_Peenya, Bengaluru - KSPCB",cpcb,13.0246342,77.5080115,10,17.0
5686,"Shivapura_Peenya, Bengaluru - KSPCB",cpcb,13.0246342,77.5080115,10,17.0
5686,"Shivapura_Peenya, Bengaluru - KSPCB",cpcb,13.0246342,77.5080115,11,16.95
5686,"Shivapura_Peenya, Bengaluru - KSPCB",cpcb,13.0246342,77.5080115,11,16.95
5686,"Shivapura_Peenya, Bengaluru - KSPCB",cpcb,13.0246342,77.5080115,11,16.95
5686,"Shivapura_Peenya, Bengaluru - KSPCB",cpcb,13.0246342,77.5080115,11,16.95
5686,"Shivapura_Peenya, Bengaluru - KSPCB",cpcb,13.0246342,77.5080115,12,17.51
5686,"Shivapura_Peenya, Bengaluru - KSPCB",cpcb,13.0246342,77.5080115,12,17.6
5686,"Shivapura_Peenya, Bengaluru - KSPCB",cpcb,13.0246342,77.5080115,12,17.6
5686,"Shivapura_Peenya, Bengaluru - KSPCB",cpcb,13.0246342,77.5080115,12,17.6
5686,"Shivapura_Peenya, Bengaluru - KSPCB",cpcb,13.0246342,77.5080115,13,18.05
5686,"Shivapura_Peenya, Bengaluru - KSPCB",cpcb,13.0246342,77.5080115,13,18.12
5686,"Shivapura_Peenya, Bengaluru - KSPCB",cpcb,13.0246342,77.5080115,13,18.12
5686,"Shivapura_Peenya, Bengaluru - KSPCB",cpcb,13.0246342,77.5080115,13,18.12
5686,"Shivapura_Peenya, Bengaluru - KSPCB",cpcb,13.0246342,77.5080115,14,17.82
5686,"Shivapura_Peenya, Bengaluru - KSPCB",cpcb,13.0246342,77.5080115,14,17.78
5686,"Shivapura_Peenya, Bengaluru - KSPCB",cpcb,13.0246342,77.5080115,14,17.78
5686,"Shivapura_Peenya, Bengaluru - KSPCB",cpcb,13.0246342,77.5080115,14,17.78
5686,"Shivapura_Peenya, Bengaluru - KSPCB",cpcb,13.0246342,77.5080115,15,18.8
5686,"Shivapura_Peenya, Bengaluru - KSPCB",cpcb,13.0246342,77.5080115,15,18.96
5686,"Shivapura_Peenya, Bengaluru - KSPCB",cpcb,13.0246342,77.5080115,15,18.96
5686,"Shivapura_Peenya, Bengaluru - KSPCB",cpcb,13.0246342,77.5080115,15,18.96
5686,"Shivapura_Peenya, Bengaluru - KSPCB",cpcb,13.0246342,77.5080115,16,19.25
5686,"Shivapura_Peenya, Bengaluru - KSPCB",cpcb,13.0246342,77.5080115,16,19.3
